	Insulin	Metformin	Antibiotics	Proton pump inhibitors	Ibuprofen	Paracetemol	Beta blockers	ACE inhibitors / ARBs 	Statins	Meditation	Salvinorin A	Salvia divinorum	DMT	Acacia species	LSD	Ergine	Argyreia nervosa	Diplopterys cabrerana	Psilocybin	Psilocin	Gymnopilus species	Ipomoea violacea	2C-T-x	2C-x	Mescaline	Lophophora williamsii	Mimosa species	Panaeolus species	Psilocybe species	Psychotria species	Turbina corymbosa	Virola species	Trichocereus species	DOx	DOI	25I-NBOMe	NBOMes	Benzodiazipines	Alprazolam	Diazepam	GBL	GHB	Alcohol	Amanita muscaria	Anadenanthera species	5-MeO-xxT	5-MeO-DMT	Incillius alvarius	Phalaris species	Phyllomedusa bicolor	Tramadol	Mitragynine	Mitragyna speciosa	Opioids	Codeine	Heroin	Papaver species	Nitrous oxide	MXE	DXM	Ketamine	Cannabis species	Arecoline	Areca catechu	Caffeine	Camellia sinensis	Coffea species	Cola species	Duboisia hopwoodii	Ilex paraguariensis	Nicotine	Nicotiana species	Mesembrine	Sceletium species	Eugenol	Piper betle	MDMA	MDA	Safrole	Sassafras species	Myristicin	Myristica species	SSRIs	MAOIs	Harmalas	Harmaline	Harmine	Banisteriopsis caapi	Peganum harmala	Passiflora species	Kavalactones	Piper methysticum	Methcathinone	Mephedrone	Cathinones	Catha edulis	Methamphetamine	Amphetamines	Ephedrine	Ephedra species	Cocaine	Erythroxylum species	Levodopa	Mucuna pruriens	Ibogaine	Tabernanthe iboga	Tropanes	Hyoscyamine	Scopolamine	Brugmansia species	Datura species
Insulin	Insulin	MR	MR	LRNS	MR	LRNS	GR	LRNS	LRNS	LRNS	LRNS	LRNS	LRNS	LRNS	LRNS	LRNS	LRNS	LRNS	LRNS	LRNS	LRNS	LRNS	LRNS	LRNS	LRNS	LRNS	LRNS	LRNS	LRNS	LRNS	LRNS	LRNS	LRNS	LRNS	LRNS	LRNS	LRNS	LRNS	LRNS	LRNS	MR	MR	GR	MR	LRNS	LRNS	LRNS	LRNS	LRNS	MR	MR	MR	MR	MR	MR	MR	MR	LRNS	LRNS	LRNS	LRNS	LRNS	MR	MR	MR	MR	MR	MR	MR	MR	MR	MR	MR	MR	MR	MR	GR	GR	MR	MR	MR	MR	LRNS	SR	SR	SR	SR	SR	SR	SR	GR	GR	MR	MR	MR	MR	MR	MR	MR	MR	GR	GR	MR	MR	SR	SR	GR	GR	GR	GR	GR
Metformin	MR	Metformin	GR	MR	GR	LRNS	LRNS	MR	LRNS	LRNS	LRNS	LRNS	LRNS	LRNS	LRNS	LRNS	LRNS	LRNS	LRNS	LRNS	LRNS	LRNS	LRNS	LRNS	LRNS	LRNS	LRNS	LRNS	LRNS	LRNS	LRNS	LRNS	LRNS	LRNS	LRNS	LRNS	LRNS	LRNS	LRNS	LRNS	LRNS	LRNS	LRNS	LRNS	LRNS	LRNS	LRNS	LRNS	LRNS	MR	MR	MR	MR	MR	MR	MR	MR	MR	LRNS	LRNS	LRNS	LRNS	MR	MR	LRNS	LRNS	LRNS	LRNS	MR	LRNS	LRNS	LRNS	MR	MR	MR	MR	MR	MR	MR	MR	MR	MR	LRNS	GR	GR	GR	GR	GR	GR	GR	GR	GR	MR	MR	MR	MR	MR	MR	MR	MR	MR	MR	MR	MR	SR	SR	GR	GR	GR	GR	GR
Antibiotics	MR	GR	Antibiotics	MR	MR	LRNS	MR	MR	SR	LRNS	LRNS	LRNS	LRNS	LRNS	LRNS	LRNS	LRNS	LRNS	LRNS	LRNS	LRNS	LRNS	LRNS	LRNS	LRNS	LRNS	LRNS	LRNS	LRNS	LRNS	LRNS	LRNS	LRNS	LRNS	LRNS	LRNS	LRNS	MR	MR	MR	MR	MR	GR	MR	LRNS	LRNS	LRNS	LRNS	LRNS	MR	MR	MR	MR	MR	LRNS	LRNS	MR	LRNS	LRNS	LRNS	LRNS	LRNS	LRNS	LRNS	MR	MR	MR	MR	LRNS	MR	LRNS	LRNS	GR	GR	GR	GR	GR	GR	GR	GR	GR	GR	SR	SR	SR	SR	SR	SR	SR	SR	SR	SR	MR	MR	MR	MR	MR	MR	MR	MR	GR	GR	MR	MR	GR	GR	GR	GR	GR	GR	GR
Proton pump inhibitors	LRNS	MR	MR	Proton pump inhibitors	LRNS	LRNS	LRNS	LRNS	LRNS	LRNS	LRNS	LRNS	LRNS	LRNS	LRNS	LRNS	LRNS	LRNS	LRNS	LRNS	LRNS	LRNS	LRNS	LRNS	LRNS	LRNS	LRNS	LRNS	LRNS	LRNS	LRNS	LRNS	LRNS	LRNS	LRNS	LRNS	LRNS	MR	LRNS	MR	LRNS	LRNS	MR	LRNS	LRNS	LRNS	LRNS	LRNS	LRNS	LRNS	LRNS	LRNS	LRNS	LRNS	LRNS	LRNS	LRNS	LRNS	LRNS	LRNS	LRNS	LRNS	LRNS	LRNS	LRNS	LRNS	LRNS	LRNS	MR	LRNS	MR	MR	LRNS	LRNS	LRNS	LRNS	LRNS	LRNS	LRNS	LRNS	LRNS	LRNS	MR	LRNS	LRNS	LRNS	LRNS	LRNS	LRNS	LRNS	LRNS	LRNS	LRNS	LRNS	LRNS	LRNS	LRNS	LRNS	LRNS	LRNS	LRNS	LRNS	LRNS	LRNS	LRNS	LRNS	GR	GR	GR	GR	GR
Ibuprofen	MR	GR	MR	LRNS	Ibuprofen	LRS	LRNS	GR	LRNS	LRNS	LRNS	LRNS	LRNS	LRNS	LRNS	LRNS	LRNS	LRNS	LRNS	LRNS	LRNS	LRNS	LRNS	LRNS	LRNS	LRNS	LRNS	LRNS	LRNS	LRNS	LRNS	LRNS	LRNS	LRNS	LRNS	LRNS	LRNS	LRNS	LRNS	LRNS	MR	MR	MR	MR	LRNS	LRNS	LRNS	LRNS	LRNS	LRNS	LRNS	LRNS	LRNS	LRNS	LRNS	LRNS	LRNS	LRNS	LRNS	LRNS	LRNS	LRNS	LRNS	LRNS	LRNS	LRNS	LRNS	LRNS	LRNS	LRNS	LRNS	LRNS	LRNS	LRNS	LRNS	LRNS	LRNS	LRNS	LRNS	LRNS	LRNS	LRNS	GR	MR	MR	MR	MR	MR	MR	MR	MR	MR	LRNS	LRNS	LRNS	LRNS	LRNS	LRNS	LRNS	LRNS	MR	MR	LRNS	LRNS	MR	MR	GR	GR	GR	GR	GR
Paracetemol	LRNS	LRNS	LRNS	LRNS	LRS	Paracetemol	LRNS	LRNS	LRNS	LRNS	LRNS	LRNS	LRNS	LRNS	LRNS	LRNS	LRNS	LRNS	LRNS	LRNS	LRNS	LRNS	LRNS	LRNS	LRNS	LRNS	LRNS	LRNS	LRNS	LRNS	LRNS	LRNS	LRNS	LRNS	LRNS	LRNS	LRNS	MR	MR	MR	MR	MR	MR	MR	LRNS	LRNS	LRNS	LRNS	LRNS	LRNS	LRNS	LRNS	LRNS	LRNS	LRNS	LRNS	LRNS	LRNS	LRNS	LRNS	LRNS	LRNS	LRNS	LRNS	LRNS	LRNS	LRNS	LRNS	LRNS	LRNS	LRNS	LRNS	LRNS	LRNS	LRNS	LRNS	LRNS	LRNS	LRNS	LRNS	LRNS	LRNS	LRNS	LRNS	LRNS	LRNS	LRNS	LRNS	LRNS	LRNS	LRNS	LRNS	LRNS	LRNS	LRNS	LRNS	LRNS	LRNS	LRNS	LRNS	LRNS	LRNS	LRNS	LRNS	LRNS	LRNS	GR	GR	GR	GR	GR
Beta blockers	GR	LRNS	MR	LRNS	LRNS	LRNS	Beta blockers	GR	LRNS	LRS	LRD	LRD	LRD	LRD	LRD	LRD	LRD	LRD	LRD	LRD	LRD	LRD	GR	LRD	LRD	LRD	LRD	LRD	LRD	LRD	LRD	LRD	LRD	LRD	LRD	LRD	LRD	LRS	LRS	LRS	MR	MR	MR	MR	LRD	LRD	LRD	LRD	LRD	MR	GR	MR	MR	MR	MR	MR	MR	MR	GR	GR	GR	LRNS	MR	MR	LRD	LRD	LRD	LRD	LRD	LRD	LRD	LRD	MR	MR	MR	MR	MR	MR	MR	MR	MR	MR	LRNS	GR	GR	GR	GR	GR	GR	GR	GR	GR	GR	GR	GR	GR	GR	GR	GR	GR	GR	GR	GR	GR	GR	GR	GR	GR	GR	GR	GR
ACE Inhibitors / ARBs	LRNS	MR	MR	LRNS	GR	LRNS	GR	ACE Inhibitors / ARBs 	LRS	LRNS	LRNS	LRNS	LRNS	LRNS	LRNS	LRNS	LRNS	LRNS	LRNS	LRNS	LRNS	LRNS	MR	MR	MR	MR	LRNS	LRNS	LRNS	LRNS	LRNS	LRNS	MR	MR	MR	MR	MR	MR	MR	MR	GR	GR	GR	GR	LRNS	LRNS	LRNS	LRNS	LRNS	MR	GR	MR	MR	MR	MR	MR	MR	LRNS	MR	MR	MR	LRNS	MR	MR	MR	MR	MR	MR	MR	MR	MR	MR	GR	GR	GR	GR	GR	GR	GR	GR	MR	MR	LRNS	MR	MR	MR	MR	MR	MR	MR	MR	MR	GR	GR	GR	GR	GR	GR	GR	GR	GR	GR	GR	GR	GR	GR	GR	GR	GR	GR	GR
Statins	LRNS	LRNS	SR	LRNS	LRNS	LRNS	LRNS	LRS	Statins	LRNS	LRNS	LRNS	LRNS	LRNS	LRNS	LRNS	LRNS	LRNS	LRNS	LRNS	LRNS	LRNS	MR	LRNS	LRNS	LRNS	LRNS	LRNS	LRNS	LRNS	LRNS	LRNS	LRNS	MR	MR	MR	MR	LRNS	LRNS	LRNS	MR	MR	MR	MR	LRNS	LRNS	LRNS	LRNS	LRNS	MR	GR	MR	MR	MR	MR	MR	MR	LRNS	MR	MR	MR	LRNS	MR	MR	LRNS	LRNS	LRNS	LRNS	LRNS	LRNS	LRNS	LRNS	MR	MR	MR	MR	GR	GR	GR	GR	MR	MR	LRNS	MR	MR	MR	MR	MR	MR	MR	MR	MR	GR	GR	GR	GR	GR	GR	GR	GR	GR	GR	GR	GR	GR	GR	GR	GR	GR	GR	GR
Meditation	LRNS	LRNS	LRNS	LRNS	LRNS	LRNS	LRS	LRNS	LRNS	Meditation	LRS	LRS	LRS	LRS	LRS	LRS	LRS	LRS	LRS	LRS	LRS	LRS	LRS	LRS	LRS	LRS	LRS	LRS	LRS	LRS	LRS	LRS	LRS	LRS	LRS	LRS	LRS	LRS	LRS	LRS	LRS	LRS	LRS	LRS	LRS	LRS	LRS	LRS	LRS	LRS	LRS	LRS	LRS	LRS	LRS	LRS	LRS	LRS	LRS	LRS	LRS	LRS	LRS	LRS	LRS	LRS	LRS	LRS	LRS	LRS	LRS	LRS	LRS	LRS	LRS	LRS	LRS	LRS	LRS	LRS	LRS	LRS	LRS	LRS	LRS	LRS	LRS	LRS	LRS	LRS	LRS	LRS	LRS	LRS	LRS	LRS	LRS	LRS	LRS	LRS	LRS	LRS	LRS	LRS	LRS	LRS	GR	GR	GR	GR	GR
Salvinorin A	LRNS	LRNS	LRNS	LRNS	LRNS	LRNS	LRD	LRNS	LRNS	LRS	Salvinorin A	LRS	LRS	LRS	LRS	LRS	LRS	LRS	LRS	LRS	LRS	LRS	LRS	LRS	LRS	LRS	LRS	LRS	LRS	LRS	LRS	LRS	LRS	LRS	LRS	LRS	LRS	LRD	LRD	LRD	LRD	LRD	LRD	LRNS	LRS	LRS	LRS	LRS	LRS	LRS	LRNS	LRS	LRS	LRS	LRS	LRS	LRS	LRS	LRS	LRS	LRS	MR	LRNS	LRNS	LRNS	LRNS	LRNS	LRNS	LRNS	LRNS	LRNS	LRNS	LRNS	LRNS	LRNS	LRNS	MR	MR	MR	MR	LRNS	LRNS	LRD	LRNS	LRNS	LRNS	LRNS	LRNS	LRNS	LRNS	LRS	LRS	MR	MR	MR	MR	MR	MR	MR	MR	MR	MR	MR	MR	LRS	LRS	GR	GR	GR	GR	GR
Salvia divinorum	LRNS	LRNS	LRNS	LRNS	LRNS	LRNS	LRD	LRNS	LRNS	LRS	LRS	Salvia divinorum	LRS	LRS	LRS	LRS	LRS	LRS	LRS	LRS	LRS	LRS	LRS	LRS	LRS	LRS	LRS	LRS	LRS	LRS	LRS	LRS	LRS	LRS	LRS	LRS	LRS	LRD	LRD	LRD	LRD	LRD	LRD	LRNS	LRS	LRS	LRS	LRS	LRS	LRS	GR	LRS	LRS	LRS	LRS	LRS	LRS	LRS	LRS	LRS	LRS	MR	LRNS	LRNS	LRNS	LRNS	LRNS	LRNS	LRNS	LRNS	LRNS	LRNS	LRNS	LRNS	LRNS	LRNS	MR	MR	MR	MR	LRNS	LRNS	LRD	LRNS	LRNS	LRNS	LRNS	LRNS	LRNS	LRNS	LRS	LRS	MR	MR	MR	MR	MR	MR	MR	MR	MR	MR	MR	MR	LRS	LRS	GR	GR	GR	GR	GR
DMT	LRNS	LRNS	LRNS	LRNS	LRNS	LRNS	LRD	LRNS	LRNS	LRS	LRS	LRS	DMT	LRS	LRS	LRS	LRS	LRS	LRS	LRS	LRS	LRS	LRS	LRS	LRS	LRS	LRS	LRS	LRS	LRS	LRS	LRS	LRS	LRS	LRS	LRS	LRS	LRD	LRD	LRD	LRD	LRD	LRD	LRNS	LRS	LRS	LRS	LRS	LRS	LRNS	GR	LRNS	LRNS	LRNS	LRNS	LRNS	LRNS	LRS	LRS	LRS	LRS	MR	LRNS	LRNS	LRNS	LRNS	LRNS	LRNS	LRNS	LRNS	LRNS	LRNS	LRS	LRS	LRS	LRS	MR	MR	MR	MR	LRS	LRS	LRD	LRS	LRS	LRS	LRS	LRS	LRS	LRS	LRS	LRS	MR	MR	MR	MR	MR	MR	MR	MR	MR	MR	MR	MR	MR	MR	GR	GR	GR	GR	GR
Acacia species	LRNS	LRNS	LRNS	LRNS	LRNS	LRNS	LRD	LRNS	LRNS	LRS	LRS	LRS	LRS	Acacia species	LRS	LRS	LRS	LRS	LRS	LRS	LRS	LRS	LRS	LRS	LRS	LRS	LRS	LRS	LRS	LRS	LRS	LRS	LRS	LRS	LRS	LRS	LRS	LRD	LRD	LRD	LRD	LRD	LRD	LRNS	LRS	LRS	LRS	LRS	LRS	LRNS	GR	LRNS	LRNS	LRNS	LRNS	LRNS	LRNS	LRS	LRS	LRS	LRS	MR	LRNS	LRNS	LRNS	LRNS	LRNS	LRNS	LRNS	LRNS	LRNS	LRNS	LRS	LRS	LRS	LRS	MR	MR	MR	MR	LRS	LRS	LRD	LRS	LRS	LRS	LRS	LRS	LRS	LRS	LRS	LRS	MR	MR	MR	MR	MR	MR	MR	MR	MR	MR	MR	MR	MR	MR	GR	GR	GR	GR	GR
LSD	LRNS	LRNS	LRNS	LRNS	LRNS	LRNS	LRD	LRNS	LRNS	LRS	LRS	LRS	LRS	LRS	LSD	LRS	LRS	LRS	LRS	LRS	LRS	LRS	LRS	LRS	LRS	LRS	LRS	LRS	LRS	LRS	LRS	LRS	LRS	LRS	LRS	LRS	LRS	LRD	LRD	LRD	LRD	LRD	LRD	LRNS	LRS	LRS	LRS	LRS	LRS	LRNS	GR	LRNS	LRNS	LRNS	LRNS	LRNS	LRNS	LRS	LRS	LRS	LRS	MR	LRNS	LRNS	LRNS	LRNS	LRNS	LRNS	LRNS	LRNS	LRNS	LRNS	LRS	LRS	LRS	LRS	MR	MR	MR	MR	LRS	LRS	LRD	LRD	LRD	LRD	LRD	LRD	LRD	LRD	LRD	LRD	MR	MR	MR	MR	MR	MR	MR	MR	MR	MR	MR	MR	MR	MR	GR	GR	GR	GR	GR
Ergine	LRNS	LRNS	LRNS	LRNS	LRNS	LRNS	LRD	LRNS	LRNS	LRS	LRS	LRS	LRS	LRS	LRS	Ergine	LRS	LRS	LRS	LRS	LRS	LRS	LRS	LRS	LRS	LRS	LRS	LRS	LRS	LRS	LRS	LRS	LRS	LRS	LRS	LRS	LRS	LRD	LRD	LRD	LRD	LRD	LRD	LRNS	LRS	LRS	LRS	LRS	LRS	LRNS	GR	LRNS	LRNS	LRNS	LRNS	LRNS	LRNS	LRS	LRS	LRS	LRS	MR	LRNS	LRNS	LRNS	LRNS	LRNS	LRNS	LRNS	LRNS	LRNS	LRNS	LRS	LRS	LRS	LRS	MR	MR	MR	MR	LRS	LRS	LRD	LRD	LRD	LRD	LRD	LRD	LRD	LRD	LRD	LRD	MR	MR	MR	MR	MR	MR	MR	MR	MR	MR	MR	MR	MR	MR	GR	GR	GR	GR	GR
Argyreia nervosa	LRNS	LRNS	LRNS	LRNS	LRNS	LRNS	LRD	LRNS	LRNS	LRS	LRS	LRS	LRS	LRS	LRS	LRS	Argyreia nervosa	LRS	LRS	LRS	LRS	LRS	LRS	LRS	LRS	LRS	LRS	LRS	LRS	LRS	LRS	LRS	LRS	LRS	LRS	LRS	LRS	LRD	LRD	LRD	LRD	LRD	LRD	LRNS	LRS	LRS	LRS	LRS	LRS	LRNS	GR	LRNS	LRNS	LRNS	LRNS	LRNS	LRNS	LRS	LRS	LRS	LRS	MR	LRNS	LRNS	LRNS	LRNS	LRNS	LRNS	LRNS	LRNS	LRNS	LRNS	LRS	LRS	LRS	LRS	MR	MR	MR	MR	LRS	LRS	LRD	LRD	LRD	LRD	LRD	LRD	LRD	LRD	LRD	LRD	MR	MR	MR	MR	MR	MR	MR	MR	MR	MR	MR	MR	MR	MR	GR	GR	GR	GR	GR
Diplopterys cabrerana	LRNS	LRNS	LRNS	LRNS	LRNS	LRNS	LRD	LRNS	LRNS	LRS	LRS	LRS	LRS	LRS	LRS	LRS	LRS	Diplopterys cabrerana	LRS	LRS	LRS	LRS	LRS	LRS	LRS	LRS	LRS	LRS	LRS	LRS	LRS	LRS	LRS	LRS	LRS	LRS	LRS	LRD	LRD	LRD	LRD	LRD	LRD	LRNS	LRS	LRS	LRS	LRS	LRS	LRNS	GR	LRNS	LRNS	LRNS	LRNS	LRNS	LRNS	LRS	LRS	LRS	LRS	MR	LRNS	LRNS	LRNS	LRNS	LRNS	LRNS	LRNS	LRNS	LRNS	LRNS	LRS	LRS	LRS	LRS	MR	MR	MR	MR	LRS	LRS	LRD	LRS	LRS	LRS	LRS	LRS	LRS	LRS	LRS	LRS	MR	MR	MR	MR	MR	MR	MR	MR	MR	MR	MR	MR	MR	MR	GR	GR	GR	GR	GR
Psilocybin	LRNS	LRNS	LRNS	LRNS	LRNS	LRNS	LRD	LRNS	LRNS	LRS	LRS	LRS	LRS	LRS	LRS	LRS	LRS	LRS	Psilocybin	LRS	LRS	LRS	LRS	LRS	LRS	LRS	LRS	LRS	LRS	LRS	LRS	LRS	LRS	LRS	LRS	LRS	LRS	LRD	LRD	LRD	LRD	LRD	LRD	LRNS	LRS	LRS	LRS	LRS	LRS	LRNS	GR	LRNS	LRNS	LRNS	LRNS	LRNS	LRNS	LRS	LRS	LRS	LRS	MR	LRNS	LRNS	LRNS	LRNS	LRNS	LRNS	LRNS	LRNS	LRNS	LRNS	LRS	LRS	LRS	LRS	MR	MR	MR	MR	LRS	LRS	LRD	LRS	LRS	LRS	LRS	LRS	LRS	LRS	LRS	LRS	MR	MR	MR	MR	MR	MR	MR	MR	MR	MR	MR	MR	MR	MR	GR	GR	GR	GR	GR
Psilocin	LRNS	LRNS	LRNS	LRNS	LRNS	LRNS	LRD	LRNS	LRNS	LRS	LRS	LRS	LRS	LRS	LRS	LRS	LRS	LRS	LRS	Psilocin	LRS	LRS	LRS	LRS	LRS	LRS	LRS	LRS	LRS	LRS	LRS	LRS	LRS	LRS	LRS	LRS	LRS	LRD	LRD	LRD	LRD	LRD	LRD	LRNS	LRS	LRS	LRS	LRS	LRS	LRNS	GR	LRNS	LRNS	LRNS	LRNS	LRNS	LRNS	LRS	LRS	LRS	LRS	MR	LRNS	LRNS	LRNS	LRNS	LRNS	LRNS	LRNS	LRNS	LRNS	LRNS	LRS	LRS	LRS	LRS	MR	MR	MR	MR	LRS	LRS	LRD	LRS	LRS	LRS	LRS	LRS	LRS	LRS	LRS	LRS	MR	MR	MR	MR	MR	MR	MR	MR	MR	MR	MR	MR	MR	MR	GR	GR	GR	GR	GR
Gymnopilus species	LRNS	LRNS	LRNS	LRNS	LRNS	LRNS	LRD	LRNS	LRNS	LRS	LRS	LRS	LRS	LRS	LRS	LRS	LRS	LRS	LRS	LRS	Gymnopilus species	LRS	LRS	LRS	LRS	LRS	LRS	LRS	LRS	LRS	LRS	LRS	LRS	LRS	LRS	LRS	LRS	LRD	LRD	LRD	LRD	LRD	LRD	LRNS	LRS	LRS	LRS	LRS	LRS	LRNS	GR	LRNS	LRNS	LRNS	LRNS	LRNS	LRNS	LRS	LRS	LRS	LRS	MR	LRNS	LRNS	LRNS	LRNS	LRNS	LRNS	LRNS	LRNS	LRNS	LRNS	LRS	LRS	LRS	LRS	MR	MR	MR	MR	LRS	LRS	LRD	LRS	LRS	LRS	LRS	LRS	LRS	LRS	LRS	LRS	MR	MR	MR	MR	MR	MR	MR	MR	MR	MR	MR	MR	MR	MR	GR	GR	GR	GR	GR
Ipomoea violacea	LRNS	LRNS	LRNS	LRNS	LRNS	LRNS	LRD	LRNS	LRNS	LRS	LRS	LRS	LRS	LRS	LRS	LRS	LRS	LRS	LRS	LRS	LRS	Ipomoea violacea	LRS	LRS	LRS	LRS	LRS	LRS	LRS	LRS	LRS	LRS	LRS	LRS	LRS	LRS	LRS	LRD	LRD	LRD	LRD	LRD	LRD	LRNS	LRS	LRS	LRS	LRS	LRS	LRNS	GR	LRNS	LRNS	LRNS	LRNS	LRNS	LRNS	LRS	LRS	LRS	LRS	MR	LRNS	LRNS	LRNS	LRNS	LRNS	LRNS	LRNS	LRNS	LRNS	LRNS	LRS	LRS	LRS	LRS	MR	MR	MR	MR	LRS	LRS	LRD	LRD	LRD	LRD	LRD	LRD	LRD	LRD	LRD	LRD	MR	MR	MR	MR	MR	MR	MR	MR	MR	MR	MR	MR	MR	MR	GR	GR	GR	GR	GR
2C-T-x	LRNS	LRNS	LRNS	LRNS	LRNS	LRNS	GR	MR	MR	LRS	LRS	LRS	LRS	LRS	LRS	LRS	LRS	LRS	LRS	LRS	LRS	LRS	2C-T-x	LRS	LRS	LRS	LRS	LRS	LRS	LRS	LRS	MR	LRS	MR	MR	MR	MR	LRD	LRD	LRD	LRD	LRD	LRD	LRD	MR	MR	MR	MR	MR	LRNS	GR	LRNS	LRNS	LRNS	LRNS	LRNS	LRNS	LRS	MR	GR	LRS	MR	GR	GR	LRNS	LRNS	LRNS	LRNS	LRNS	LRNS	LRNS	LRNS	MR	MR	MR	MR	MR	MR	MR	MR	MR	MR	LRD	MR	MR	MR	MR	MR	MR	MR	MR	MR	GR	GR	GR	GR	GR	GR	GR	GR	GR	GR	GR	GR	SR	SR	SR	SR	SR	SR	SR
2C-x	LRNS	LRNS	LRNS	LRNS	LRNS	LRNS	LRD	MR	LRNS	LRS	LRS	LRS	LRS	LRS	LRS	LRS	LRS	LRS	LRS	LRS	LRS	LRS	LRS	2C-x	LRS	LRS	LRS	LRS	LRS	LRS	LRS	MR	LRS	MR	MR	MR	MR	LRD	LRD	LRD	LRD	LRD	LRD	LRNS	LRS	MR	MR	MR	MR	LRNS	GR	LRNS	LRNS	LRNS	LRNS	LRNS	LRNS	LRS	LRS	LRS	LRS	MR	LRNS	LRNS	LRNS	LRNS	LRNS	LRNS	LRNS	LRNS	LRNS	LRNS	LRS	LRS	LRS	LRS	MR	MR	MR	MR	LRS	LRS	LRD	MR	MR	MR	MR	MR	MR	MR	MR	MR	MR	MR	MR	MR	MR	MR	MR	MR	MR	MR	MR	MR	GR	GR	SR	SR	SR	SR	SR
Mescaline	LRNS	LRNS	LRNS	LRNS	LRNS	LRNS	LRD	MR	LRNS	LRS	LRS	LRS	LRS	LRS	LRS	LRS	LRS	LRS	LRS	LRS	LRS	LRS	LRS	LRS	Mescaline	LRS	LRS	LRS	LRS	LRS	LRS	MR	LRS	MR	MR	MR	MR	LRD	LRD	LRD	LRD	LRD	LRD	LRNS	LRS	MR	MR	MR	MR	LRNS	GR	LRNS	LRNS	LRNS	LRNS	LRNS	LRNS	LRS	LRS	LRS	LRS	MR	LRNS	LRNS	LRNS	LRNS	LRNS	LRNS	LRNS	LRNS	LRNS	LRNS	LRS	LRS	LRS	LRS	MR	MR	MR	MR	LRS	LRS	LRD	MR	MR	MR	MR	MR	MR	MR	MR	MR	MR	MR	MR	MR	MR	MR	MR	MR	MR	MR	MR	MR	MR	MR	GR	GR	GR	GR	GR
Lophophora williamsii	LRNS	LRNS	LRNS	LRNS	LRNS	LRNS	LRD	MR	LRNS	LRS	LRS	LRS	LRS	LRS	LRS	LRS	LRS	LRS	LRS	LRS	LRS	LRS	LRS	LRS	LRS	Lophophora williamsii	LRS	LRS	LRS	LRS	LRS	MR	LRS	MR	MR	MR	MR	LRD	LRD	LRD	LRD	LRD	LRD	LRNS	LRS	MR	MR	MR	MR	LRNS	GR	LRNS	LRNS	LRNS	LRNS	LRNS	LRNS	LRS	LRS	LRS	LRS	MR	LRNS	LRNS	LRNS	LRNS	LRNS	LRNS	LRNS	LRNS	LRNS	LRNS	LRS	LRS	LRS	LRS	MR	MR	MR	MR	LRS	LRS	LRD	MR	MR	MR	MR	MR	MR	MR	MR	MR	MR	MR	MR	MR	MR	MR	MR	MR	MR	MR	MR	MR	MR	MR	GR	GR	GR	GR	GR
Mimosa species	LRNS	LRNS	LRNS	LRNS	LRNS	LRNS	LRD	LRNS	LRNS	LRS	LRS	LRS	LRS	LRS	LRS	LRS	LRS	LRS	LRS	LRS	LRS	LRS	LRS	LRS	LRS	LRS	Mimosa species	LRS	LRS	LRS	LRS	LRS	LRS	LRS	LRS	LRS	LRS	LRD	LRD	LRD	LRD	LRD	LRD	LRNS	LRS	LRS	LRS	LRS	LRS	LRNS	GR	LRNS	LRNS	LRNS	LRNS	LRNS	LRNS	LRS	LRS	LRS	LRS	MR	LRNS	LRNS	LRNS	LRNS	LRNS	LRNS	LRNS	LRNS	LRNS	LRNS	LRS	LRS	LRS	LRS	MR	MR	MR	MR	LRS	LRS	LRD	LRS	LRS	LRS	LRS	LRS	LRS	LRS	LRS	LRS	MR	MR	MR	MR	MR	MR	MR	MR	MR	MR	MR	MR	MR	MR	GR	GR	GR	GR	GR
Panaeolus species	LRNS	LRNS	LRNS	LRNS	LRNS	LRNS	LRD	LRNS	LRNS	LRS	LRS	LRS	LRS	LRS	LRS	LRS	LRS	LRS	LRS	LRS	LRS	LRS	LRS	LRS	LRS	LRS	LRS	Panaeolus species	LRS	LRS	LRS	LRS	LRS	LRS	LRS	LRS	LRS	LRD	LRD	LRD	LRD	LRD	LRD	LRNS	LRS	LRS	LRS	LRS	LRS	LRNS	GR	LRNS	LRNS	LRNS	LRNS	LRNS	LRNS	LRS	LRS	LRS	LRS	MR	LRNS	LRNS	LRNS	LRNS	LRNS	LRNS	LRNS	LRNS	LRNS	LRNS	LRS	LRS	LRS	LRS	MR	MR	MR	MR	LRS	LRS	LRD	LRS	LRS	LRS	LRS	LRS	LRS	LRS	LRS	LRS	MR	MR	MR	MR	MR	MR	MR	MR	MR	MR	MR	MR	MR	MR	GR	GR	GR	GR	GR
Psilocybe species	LRNS	LRNS	LRNS	LRNS	LRNS	LRNS	LRD	LRNS	LRNS	LRS	LRS	LRS	LRS	LRS	LRS	LRS	LRS	LRS	LRS	LRS	LRS	LRS	LRS	LRS	LRS	LRS	LRS	LRS	Psilocybe species	LRS	LRS	LRS	LRS	LRS	LRS	LRS	LRS	LRD	LRD	LRD	LRD	LRD	LRD	LRNS	LRS	LRS	LRS	LRS	LRS	LRNS	GR	LRNS	LRNS	LRNS	LRNS	LRNS	LRNS	LRS	LRS	LRS	LRS	MR	LRNS	LRNS	LRNS	LRNS	LRNS	LRNS	LRNS	LRNS	LRNS	LRNS	LRS	LRS	LRS	LRS	MR	MR	MR	MR	LRS	LRS	LRD	LRS	LRS	LRS	LRS	LRS	LRS	LRS	LRS	LRS	MR	MR	MR	MR	MR	MR	MR	MR	MR	MR	MR	MR	MR	MR	GR	GR	GR	GR	GR
Psychotria species	LRNS	LRNS	LRNS	LRNS	LRNS	LRNS	LRD	LRNS	LRNS	LRS	LRS	LRS	LRS	LRS	LRS	LRS	LRS	LRS	LRS	LRS	LRS	LRS	LRS	LRS	LRS	LRS	LRS	LRS	LRS	Psychotria species	LRS	LRS	LRS	LRS	LRS	LRS	LRS	LRD	LRD	LRD	LRD	LRD	LRD	LRNS	LRS	LRS	LRS	LRS	LRS	LRNS	GR	LRNS	LRNS	LRNS	LRNS	LRNS	LRNS	LRS	LRS	LRS	LRS	MR	LRNS	LRNS	LRNS	LRNS	LRNS	LRNS	LRNS	LRNS	LRNS	LRNS	LRS	LRS	LRS	LRS	MR	MR	MR	MR	LRS	LRS	LRD	LRS	LRS	LRS	LRS	LRS	LRS	LRS	LRS	LRS	MR	MR	MR	MR	MR	MR	MR	MR	MR	MR	MR	MR	MR	MR	GR	GR	GR	GR	GR
Turbina corymbosa	LRNS	LRNS	LRNS	LRNS	LRNS	LRNS	LRD	LRNS	LRNS	LRS	LRS	LRS	LRS	LRS	LRS	LRS	LRS	LRS	LRS	LRS	LRS	LRS	LRS	LRS	LRS	LRS	LRS	LRS	LRS	LRS	Turbina corymbosa	LRS	LRS	LRS	LRS	LRS	LRS	LRD	LRD	LRD	LRD	LRD	LRD	LRNS	LRS	LRS	LRS	LRS	LRS	LRNS	GR	LRNS	LRNS	LRNS	LRNS	LRNS	LRNS	LRS	LRS	LRS	LRS	MR	LRNS	LRNS	LRNS	LRNS	LRNS	LRNS	LRNS	LRNS	LRNS	LRNS	LRS	LRS	LRS	LRS	MR	MR	MR	MR	LRS	LRS	LRD	LRS	LRS	LRS	LRS	LRS	LRS	LRS	LRNS	LRNS	MR	MR	MR	MR	MR	MR	MR	MR	MR	MR	MR	MR	MR	MR	GR	GR	GR	GR	GR
Virola species	LRNS	LRNS	LRNS	LRNS	LRNS	LRNS	LRD	LRNS	LRNS	LRS	LRS	LRS	LRS	LRS	LRS	LRS	LRS	LRS	LRS	LRS	LRS	LRS	MR	MR	MR	MR	LRS	LRS	LRS	LRS	LRS	Virola species	MR	MR	MR	MR	MR	LRD	LRD	LRD	LRD	LRD	LRD	LRNS	SR	SR	SR	SR	SR	LRNS	GR	LRNS	LRNS	LRNS	LRNS	LRNS	LRNS	LRS	LRS	GR	LRS	MR	LRNS	LRNS	LRNS	LRNS	LRNS	LRNS	LRNS	LRNS	LRNS	LRNS	SR	SR	SR	SR	SR	SR	SR	SR	SR	SR	LRD	LRS	LRS	LRS	LRS	LRS	LRS	LRS	LRS	LRS	GR	GR	GR	GR	GR	GR	GR	GR	GR	GR	GR	GR	SR	SR	SR	SR	SR	SR	SR
Trichocereus species	LRNS	LRNS	LRNS	LRNS	LRNS	LRNS	LRD	MR	LRNS	LRS	LRS	LRS	LRS	LRS	LRS	LRS	LRS	LRS	LRS	LRS	LRS	LRS	LRS	LRS	LRS	LRS	LRS	LRS	LRS	LRS	LRS	MR	Trichocereus species	MR	MR	MR	MR	LRD	LRD	LRD	LRD	LRD	LRD	LRNS	LRS	MR	MR	MR	MR	LRNS	GR	LRNS	LRNS	LRNS	LRNS	LRNS	LRNS	LRS	LRS	LRS	LRS	MR	LRNS	LRNS	LRNS	LRNS	LRNS	LRNS	LRNS	LRNS	LRNS	LRNS	LRS	LRS	LRS	LRS	MR	MR	MR	MR	LRS	LRS	LRD	MR	MR	MR	MR	MR	MR	MR	MR	MR	MR	MR	MR	MR	MR	MR	MR	MR	MR	MR	MR	MR	MR	MR	GR	GR	GR	GR	GR
DOx	LRNS	LRNS	LRNS	LRNS	LRNS	LRNS	LRD	MR	MR	LRS	LRS	LRS	LRS	LRS	LRS	LRS	LRS	LRS	LRS	LRS	LRS	LRS	MR	MR	MR	MR	LRS	LRS	LRS	LRS	LRS	MR	MR	DOx	LRS	MR	MR	LRD	LRD	LRD	LRD	LRD	LRD	LRD	MR	MR	MR	MR	MR	LRNS	GR	LRNS	LRNS	LRNS	LRNS	LRNS	LRNS	LRS	MR	GR	LRS	MR	LRNS	LRNS	MR	MR	MR	MR	LRNS	MR	LRNS	LRNS	MR	MR	MR	MR	MR	MR	MR	MR	MR	MR	LRD	MR	MR	MR	MR	MR	MR	MR	MR	MR	GR	GR	GR	GR	GR	GR	GR	GR	GR	GR	GR	GR	MR	MR	GR	GR	GR	GR	GR
DOI	LRNS	LRNS	LRNS	LRNS	LRNS	LRNS	LRD	MR	MR	LRS	LRS	LRS	LRS	LRS	LRS	LRS	LRS	LRS	LRS	LRS	LRS	LRS	MR	MR	MR	MR	LRS	LRS	LRS	LRS	LRS	MR	MR	LRS	DOI	MR	MR	LRD	LRD	LRD	LRD	LRD	LRD	LRD	MR	MR	MR	MR	MR	LRNS	GR	LRNS	LRNS	LRNS	LRNS	LRNS	LRNS	LRS	MR	GR	LRS	MR	LRNS	LRNS	MR	MR	MR	MR	LRNS	MR	LRNS	LRNS	MR	MR	MR	MR	MR	MR	MR	MR	MR	MR	LRD	MR	MR	MR	MR	MR	MR	MR	MR	MR	GR	GR	GR	GR	GR	GR	GR	GR	GR	GR	GR	GR	MR	MR	GR	GR	GR	GR	GR
25I-NBOMe	LRNS	LRNS	LRNS	LRNS	LRNS	LRNS	LRD	MR	MR	LRS	LRS	LRS	LRS	LRS	LRS	LRS	LRS	LRS	LRS	LRS	LRS	LRS	MR	MR	MR	MR	LRS	LRS	LRS	LRS	LRS	MR	MR	MR	MR	25I-NBOMe	LRS	LRD	LRD	LRD	LRD	LRD	LRD	LRD	MR	MR	MR	MR	MR	LRNS	GR	LRNS	LRNS	LRNS	LRNS	LRNS	LRNS	LRS	MR	GR	LRS	MR	LRNS	LRNS	MR	MR	MR	MR	LRNS	MR	LRNS	LRNS	MR	MR	MR	MR	MR	MR	MR	MR	MR	MR	LRD	MR	MR	MR	MR	MR	MR	MR	MR	MR	GR	GR	GR	GR	GR	GR	GR	GR	GR	GR	GR	GR	MR	MR	GR	GR	GR	GR	GR
NBOMes	LRNS	LRNS	LRNS	LRNS	LRNS	LRNS	LRD	MR	MR	LRS	LRS	LRS	LRS	LRS	LRS	LRS	LRS	LRS	LRS	LRS	LRS	LRS	MR	MR	MR	MR	LRS	LRS	LRS	LRS	LRS	MR	MR	MR	MR	LRS	NBOMes	LRD	LRD	LRD	LRD	LRD	LRD	LRD	MR	MR	MR	MR	MR	LRNS	GR	LRNS	LRNS	LRNS	LRNS	LRNS	LRNS	LRS	MR	GR	LRS	MR	LRNS	LRNS	MR	MR	MR	MR	LRNS	MR	LRNS	LRNS	MR	MR	MR	MR	MR	MR	MR	MR	MR	MR	LRD	MR	MR	MR	MR	MR	MR	MR	MR	MR	GR	GR	GR	GR	GR	GR	GR	GR	GR	GR	GR	GR	MR	MR	GR	GR	GR	GR	GR
Benzodiazipines	LRNS	LRNS	MR	MR	LRNS	MR	LRS	MR	LRNS	LRS	LRD	LRD	LRD	LRD	LRD	LRD	LRD	LRD	LRD	LRD	LRD	LRD	LRD	LRD	LRD	LRD	LRD	LRD	LRD	LRD	LRD	LRD	LRD	LRD	LRD	LRD	LRD	Benzodiazipines	LRS	LRS	SR	SR	SR	SR	LRD	LRD	LRD	LRD	LRD	SR	SR	SR	SR	SR	SR	SR	SR	LRD	MR	MR	MR	LRD	LRD	LRD	LRD	LRD	LRD	LRD	LRD	LRD	LRD	LRD	LRD	LRD	LRD	LRD	LRD	LRD	LRD	LRD	LRD	LRD	LRNS	LRS	LRS	LRS	LRS	LRS	LRS	LRS	GR	GR	LRD	LRD	LRD	LRD	LRD	LRD	LRD	LRD	LRD	LRD	LRD	LRD	MR	MR	GR	GR	GR	GR	GR
Alprazolam	LRNS	LRNS	MR	LRNS	LRNS	MR	LRS	MR	LRNS	LRS	LRD	LRD	LRD	LRD	LRD	LRD	LRD	LRD	LRD	LRD	LRD	LRD	LRD	LRD	LRD	LRD	LRD	LRD	LRD	LRD	LRD	LRD	LRD	LRD	LRD	LRD	LRD	LRS	Alprazolam	LRS	SR	SR	SR	SR	LRD	LRD	LRD	LRD	LRD	SR	SR	SR	SR	SR	SR	SR	SR	LRD	MR	MR	MR	LRD	LRD	LRD	LRD	LRD	LRD	LRD	LRD	LRD	LRD	LRD	LRD	LRD	LRD	LRD	LRD	LRD	LRD	LRD	LRD	LRD	LRNS	LRS	LRS	LRS	LRS	LRS	LRS	LRS	GR	GR	LRD	LRD	LRD	LRD	LRD	LRD	LRD	LRD	LRD	LRD	LRD	LRD	MR	MR	GR	GR	GR	GR	GR
Diazepam	LRNS	LRNS	MR	MR	LRNS	MR	LRS	MR	LRNS	LRS	LRD	LRD	LRD	LRD	LRD	LRD	LRD	LRD	LRD	LRD	LRD	LRD	LRD	LRD	LRD	LRD	LRD	LRD	LRD	LRD	LRD	LRD	LRD	LRD	LRD	LRD	LRD	LRS	LRS	Diazepam	SR	SR	SR	SR	LRD	LRD	LRD	LRD	LRD	SR	SR	SR	SR	SR	SR	SR	SR	LRD	MR	MR	MR	LRD	LRD	LRD	LRD	LRD	LRD	LRD	LRD	LRD	LRD	LRD	LRD	LRD	LRD	LRD	LRD	LRD	LRD	LRD	LRD	LRD	LRNS	LRS	LRS	LRS	LRS	LRS	LRS	LRS	GR	GR	LRD	LRD	LRD	LRD	LRD	LRD	LRD	LRD	LRD	LRD	LRD	LRD	MR	MR	GR	GR	GR	GR	GR
GBL	MR	LRNS	MR	LRNS	MR	MR	MR	GR	MR	LRS	LRD	LRD	LRD	LRD	LRD	LRD	LRD	LRD	LRD	LRD	LRD	LRD	LRD	LRD	LRD	LRD	LRD	LRD	LRD	LRD	LRD	LRD	LRD	LRD	LRD	LRD	LRD	SR	SR	SR	GBL	SR	SR	SR	LRD	LRD	LRD	LRD	LRD	SR	SR	SR	SR	SR	SR	SR	SR	MR	SR	SR	SR	LRS	MR	MR	LRNS	LRNS	LRNS	LRNS	LRS	LRNS	LRS	LRS	MR	MR	MR	MR	MR	MR	MR	MR	MR	MR	LRNS	LRS	LRS	LRS	LRS	LRS	LRS	LRS	LRS	LRS	MR	MR	MR	MR	MR	MR	MR	MR	MR	MR	MR	MR	SR	SR	SR	SR	SR	SR	SR
GHB	MR	LRNS	MR	LRNS	MR	MR	MR	GR	MR	LRS	LRD	LRD	LRD	LRD	LRD	LRD	LRD	LRD	LRD	LRD	LRD	LRD	LRD	LRD	LRD	LRD	LRD	LRD	LRD	LRD	LRD	LRD	LRD	LRD	LRD	LRD	LRD	SR	SR	SR	SR	GHB	SR	SR	LRD	LRD	LRD	LRD	LRD	SR	SR	SR	SR	SR	SR	SR	SR	MR	SR	SR	SR	LRS	MR	MR	LRNS	LRNS	LRNS	LRNS	LRS	LRNS	LRS	LRS	MR	MR	MR	MR	MR	MR	MR	MR	MR	MR	LRNS	LRS	LRS	LRS	LRS	LRS	LRS	LRS	LRS	LRS	MR	MR	MR	MR	MR	MR	MR	MR	MR	MR	MR	MR	SR	SR	SR	SR	SR	SR	SR
Alcohol	GR	LRNS	GR	MR	MR	MR	MR	GR	MR	LRS	LRD	LRD	LRD	LRD	LRD	LRD	LRD	LRD	LRD	LRD	LRD	LRD	LRD	LRD	LRD	LRD	LRD	LRD	LRD	LRD	LRD	LRD	LRD	LRD	LRD	LRD	LRD	SR	SR	SR	SR	SR	Alcohol	SR	LRD	LRD	LRD	LRD	LRD	SR	SR	SR	SR	SR	SR	SR	SR	MR	SR	SR	SR	LRS	LRNS	LRNS	LRNS	LRNS	LRNS	LRNS	LRS	LRNS	LRS	LRS	MR	MR	MR	MR	MR	MR	MR	MR	MR	MR	MR	LRS	LRS	LRS	LRS	LRS	LRS	LRS	LRS	LRS	MR	MR	MR	MR	MR	MR	MR	MR	MR	GR	GR	MR	SR	SR	SR	SR	SR	SR	SR
Amanita muscaria	MR	LRNS	MR	LRNS	MR	MR	MR	GR	MR	LRS	LRNS	LRNS	LRNS	LRNS	LRNS	LRNS	LRNS	LRNS	LRNS	LRNS	LRNS	LRNS	LRD	LRNS	LRNS	LRNS	LRNS	LRNS	LRNS	LRNS	LRNS	LRNS	LRNS	LRD	LRD	LRD	LRD	SR	SR	SR	SR	SR	SR	Amanita muscaria	LRS	LRS	LRS	LRS	LRS	LRNS	SR	LRNS	LRNS	LRNS	LRNS	LRNS	LRNS	MR	SR	SR	SR	LRS	LRNS	LRNS	LRNS	LRNS	LRNS	LRNS	LRNS	LRNS	LRNS	LRNS	LRS	LRS	LRS	LRS	MR	MR	MR	MR	LRS	LRS	MR	LRS	LRS	LRS	LRS	LRS	LRS	LRS	LRS	LRS	MR	MR	MR	MR	MR	MR	MR	MR	MR	MR	MR	MR	MR	MR	GR	GR	GR	GR	GR
Anadenanthera species	LRNS	LRNS	LRNS	LRNS	LRNS	LRNS	LRD	LRNS	LRNS	LRS	LRS	LRS	LRS	LRS	LRS	LRS	LRS	LRS	LRS	LRS	LRS	LRS	MR	LRS	LRS	LRS	LRS	LRS	LRS	LRS	LRS	SR	LRS	MR	MR	MR	MR	LRD	LRD	LRD	LRD	LRD	LRD	LRS	Anadenanthera species	LRS	LRS	LRS	LRS	LRNS	GR	LRNS	LRNS	LRNS	LRNS	LRNS	LRNS	LRS	LRS	GR	SR	MR	LRNS	LRNS	LRNS	LRNS	LRNS	LRNS	LRNS	LRNS	LRNS	LRNS	LRS	LRS	LRS	LRS	MR	MR	MR	MR	LRS	LRS	LRD	SR	SR	SR	SR	SR	SR	SR	SR	SR	MR	MR	MR	MR	MR	MR	MR	MR	MR	MR	MR	MR	MR	MR	GR	GR	GR	GR	GR
5-MeO-xxT	LRNS	LRNS	LRNS	LRNS	LRNS	LRNS	LRD	LRNS	LRNS	LRS	LRS	LRS	LRS	LRS	LRS	LRS	LRS	LRS	LRS	LRS	LRS	LRS	MR	MR	MR	MR	LRS	LRS	LRS	LRS	LRS	SR	MR	MR	MR	MR	MR	LRD	LRD	LRD	LRD	LRD	LRD	LRS	LRS	5-MeO-xxT	LRS	LRS	LRS	LRNS	GR	LRNS	LRNS	LRNS	LRNS	LRNS	LRNS	LRS	LRS	GR	SR	MR	LRNS	LRNS	LRNS	LRNS	LRNS	LRNS	LRNS	LRNS	LRNS	LRNS	SR	SR	SR	SR	SR	SR	SR	SR	SR	SR	LRD	SR	SR	SR	SR	SR	SR	SR	SR	SR	GR	GR	GR	GR	GR	GR	GR	GR	GR	GR	GR	GR	SR	SR	SR	SR	SR	SR	SR
5-MeO-DMT	LRNS	LRNS	LRNS	LRNS	LRNS	LRNS	LRD	LRNS	LRNS	LRS	LRS	LRS	LRS	LRS	LRS	LRS	LRS	LRS	LRS	LRS	LRS	LRS	MR	MR	MR	MR	LRS	LRS	LRS	LRS	LRS	SR	MR	MR	MR	MR	MR	LRD	LRD	LRD	LRD	LRD	LRD	LRS	LRS	LRS	5-MeO-DMT	LRS	LRS	LRNS	GR	LRNS	LRNS	LRNS	LRNS	LRNS	LRNS	LRS	LRS	GR	SR	MR	LRNS	LRNS	LRNS	LRNS	LRNS	LRNS	LRNS	LRNS	LRNS	LRNS	SR	SR	SR	SR	SR	SR	SR	SR	SR	SR	LRD	SR	SR	SR	SR	SR	SR	SR	SR	SR	GR	GR	GR	GR	GR	GR	GR	GR	GR	GR	GR	GR	SR	SR	SR	SR	SR	SR	SR
Incillius alvarius	LRNS	LRNS	LRNS	LRNS	LRNS	LRNS	LRD	LRNS	LRNS	LRS	LRS	LRS	LRS	LRS	LRS	LRS	LRS	LRS	LRS	LRS	LRS	LRS	MR	MR	MR	MR	LRS	LRS	LRS	LRS	LRS	SR	MR	MR	MR	MR	MR	LRD	LRD	LRD	LRD	LRD	LRD	LRS	LRS	LRS	LRS	Incillius alvarius	LRS	LRNS	GR	LRNS	LRNS	LRNS	LRNS	LRNS	LRNS	LRS	LRS	GR	SR	MR	LRNS	LRNS	LRNS	LRNS	LRNS	LRNS	LRNS	LRNS	LRNS	LRNS	SR	SR	SR	SR	SR	SR	SR	SR	SR	SR	LRD	SR	SR	SR	SR	SR	SR	SR	SR	SR	GR	GR	GR	GR	GR	GR	GR	GR	GR	GR	GR	GR	SR	SR	SR	SR	SR	SR	SR
Phalaris species	LRNS	LRNS	LRNS	LRNS	LRNS	LRNS	LRD	LRNS	LRNS	LRS	LRS	LRS	LRS	LRS	LRS	LRS	LRS	LRS	LRS	LRS	LRS	LRS	MR	MR	MR	MR	LRS	LRS	LRS	LRS	LRS	SR	MR	MR	MR	MR	MR	LRD	LRD	LRD	LRD	LRD	LRD	LRS	LRS	LRS	LRS	LRS	Phalaris species	LRNS	GR	LRNS	LRNS	LRNS	LRNS	LRNS	LRNS	LRS	LRS	GR	SR	MR	LRNS	LRNS	LRNS	LRNS	LRNS	LRNS	LRNS	LRNS	LRNS	LRNS	SR	SR	SR	SR	SR	SR	SR	SR	SR	SR	LRD	SR	SR	SR	SR	SR	SR	SR	SR	SR	GR	GR	GR	GR	GR	GR	GR	GR	GR	GR	GR	GR	SR	SR	SR	SR	SR	SR	SR
Phyllomedusa bicolor	MR	MR	MR	LRNS	LRNS	LRNS	MR	MR	MR	LRS	LRS	LRS	LRNS	LRNS	LRNS	LRNS	LRNS	LRNS	LRNS	LRNS	LRNS	LRNS	LRNS	LRNS	LRNS	LRNS	LRNS	LRNS	LRNS	LRNS	LRNS	LRNS	LRNS	LRNS	LRNS	LRNS	LRNS	SR	SR	SR	SR	SR	SR	LRNS	LRNS	LRNS	LRNS	LRNS	LRNS	Phyllomedusa bicolor	SR	GR	GR	GR	GR	GR	GR	MR	SR	SR	SR	LRS	LRNS	LRNS	LRNS	LRNS	LRNS	LRNS	LRS	LRNS	LRS	LRS	LRNS	LRNS	LRNS	LRNS	MR	MR	MR	MR	LRNS	LRNS	LRD	LRNS	LRNS	LRNS	LRNS	LRNS	LRNS	LRNS	GR	GR	MR	MR	MR	MR	MR	MR	MR	MR	GR	GR	MR	MR	SR	SR	SR	SR	SR	SR	SR
Tramadol	MR	MR	MR	LRNS	LRNS	LRNS	GR	GR	GR	LRS	LRNS	GR	GR	GR	GR	GR	GR	GR	GR	GR	GR	GR	GR	GR	GR	GR	GR	GR	GR	GR	GR	GR	GR	GR	GR	GR	GR	SR	SR	SR	SR	SR	SR	SR	GR	GR	GR	GR	GR	SR	Tramadol	SR	SR	SR	SR	SR	SR	MR	SR	SR	SR	LRS	GR	GR	LRNS	LRNS	LRNS	LRNS	LRS	LRNS	LRS	LRS	SR	SR	SR	SR	SR	SR	SR	SR	SR	SR	SR	SR	SR	SR	SR	SR	SR	SR	SR	SR	SR	SR	SR	SR	SR	SR	SR	SR	SR	SR	SR	SR	SR	SR	SR	SR	SR	SR	SR
Mitragynine	MR	MR	MR	LRNS	LRNS	LRNS	MR	MR	MR	LRS	LRS	LRS	LRNS	LRNS	LRNS	LRNS	LRNS	LRNS	LRNS	LRNS	LRNS	LRNS	LRNS	LRNS	LRNS	LRNS	LRNS	LRNS	LRNS	LRNS	LRNS	LRNS	LRNS	LRNS	LRNS	LRNS	LRNS	SR	SR	SR	SR	SR	SR	LRNS	LRNS	LRNS	LRNS	LRNS	LRNS	GR	SR	Mitragynine	GR	GR	GR	GR	GR	MR	SR	SR	SR	LRS	LRNS	LRNS	LRNS	LRNS	LRNS	LRNS	LRS	LRNS	LRS	LRS	LRNS	LRNS	LRNS	LRNS	MR	MR	MR	MR	LRNS	LRNS	LRD	LRNS	LRNS	LRNS	LRNS	LRNS	LRNS	LRNS	GR	GR	MR	MR	MR	MR	MR	MR	MR	MR	GR	GR	MR	MR	SR	SR	SR	SR	SR	SR	SR
Mitragyna speciosa	MR	MR	MR	LRNS	LRNS	LRNS	MR	MR	MR	LRS	LRS	LRS	LRNS	LRNS	LRNS	LRNS	LRNS	LRNS	LRNS	LRNS	LRNS	LRNS	LRNS	LRNS	LRNS	LRNS	LRNS	LRNS	LRNS	LRNS	LRNS	LRNS	LRNS	LRNS	LRNS	LRNS	LRNS	SR	SR	SR	SR	SR	SR	LRNS	LRNS	LRNS	LRNS	LRNS	LRNS	GR	SR	GR	Mitragyna speciosa	GR	GR	GR	GR	MR	SR	SR	SR	LRS	LRNS	LRNS	LRNS	LRNS	LRNS	LRNS	LRS	LRNS	LRS	LRS	LRNS	LRNS	LRNS	LRNS	MR	MR	MR	MR	LRNS	LRNS	LRD	LRNS	LRNS	LRNS	LRNS	LRNS	LRNS	LRNS	GR	GR	MR	MR	MR	MR	MR	MR	MR	MR	GR	GR	MR	MR	SR	SR	SR	SR	SR	SR	SR
Opioids	MR	MR	MR	LRNS	LRNS	LRNS	MR	MR	MR	LRS	LRS	LRS	LRNS	LRNS	LRNS	LRNS	LRNS	LRNS	LRNS	LRNS	LRNS	LRNS	LRNS	LRNS	LRNS	LRNS	LRNS	LRNS	LRNS	LRNS	LRNS	LRNS	LRNS	LRNS	LRNS	LRNS	LRNS	SR	SR	SR	SR	SR	SR	LRNS	LRNS	LRNS	LRNS	LRNS	LRNS	GR	SR	GR	GR	Opioids	GR	GR	GR	MR	SR	SR	SR	LRS	LRNS	LRNS	LRNS	LRNS	LRNS	LRNS	LRS	LRNS	LRS	LRS	LRNS	LRNS	LRNS	LRNS	MR	MR	MR	MR	LRNS	LRNS	LRD	LRNS	LRNS	LRNS	LRNS	LRNS	LRNS	LRNS	GR	GR	MR	MR	MR	MR	MR	MR	MR	MR	SR	SR	MR	MR	SR	SR	SR	SR	SR	SR	SR
Codeine	MR	MR	LRNS	LRNS	LRNS	LRNS	MR	MR	MR	LRS	LRS	LRS	LRNS	LRNS	LRNS	LRNS	LRNS	LRNS	LRNS	LRNS	LRNS	LRNS	LRNS	LRNS	LRNS	LRNS	LRNS	LRNS	LRNS	LRNS	LRNS	LRNS	LRNS	LRNS	LRNS	LRNS	LRNS	SR	SR	SR	SR	SR	SR	LRNS	LRNS	LRNS	LRNS	LRNS	LRNS	GR	SR	GR	GR	GR	Codeine	GR	GR	MR	SR	SR	SR	LRS	LRNS	LRNS	LRNS	LRNS	LRNS	LRNS	LRS	LRNS	LRS	LRS	LRNS	LRNS	LRNS	LRNS	MR	MR	MR	MR	LRNS	LRNS	LRD	LRNS	LRNS	LRNS	LRNS	LRNS	LRNS	LRNS	GR	GR	MR	MR	MR	MR	MR	MR	MR	MR	SR	SR	MR	MR	SR	SR	SR	SR	SR	SR	SR
Heroin	MR	MR	LRNS	LRNS	LRNS	LRNS	MR	MR	MR	LRS	LRS	LRS	LRNS	LRNS	LRNS	LRNS	LRNS	LRNS	LRNS	LRNS	LRNS	LRNS	LRNS	LRNS	LRNS	LRNS	LRNS	LRNS	LRNS	LRNS	LRNS	LRNS	LRNS	LRNS	LRNS	LRNS	LRNS	SR	SR	SR	SR	SR	SR	LRNS	LRNS	LRNS	LRNS	LRNS	LRNS	GR	SR	GR	GR	GR	GR	Heroin	GR	MR	SR	SR	SR	LRS	LRNS	LRNS	LRNS	LRNS	LRNS	LRNS	LRS	LRNS	LRS	LRS	LRNS	LRNS	LRNS	LRNS	MR	MR	MR	MR	LRNS	LRNS	LRD	LRNS	LRNS	LRNS	LRNS	LRNS	LRNS	LRNS	GR	GR	MR	MR	MR	MR	MR	MR	MR	MR	SR	SR	MR	MR	SR	SR	SR	SR	SR	SR	SR
Papaver species	MR	MR	MR	LRNS	LRNS	LRNS	MR	MR	MR	LRS	LRS	LRS	LRNS	LRNS	LRNS	LRNS	LRNS	LRNS	LRNS	LRNS	LRNS	LRNS	LRNS	LRNS	LRNS	LRNS	LRNS	LRNS	LRNS	LRNS	LRNS	LRNS	LRNS	LRNS	LRNS	LRNS	LRNS	SR	SR	SR	SR	SR	SR	LRNS	LRNS	LRNS	LRNS	LRNS	LRNS	GR	SR	GR	GR	GR	GR	GR	Papaver species	MR	SR	SR	SR	LRS	LRNS	LRNS	LRNS	LRNS	LRNS	LRNS	LRS	LRNS	LRS	LRS	LRNS	LRNS	LRNS	LRNS	MR	MR	MR	MR	LRNS	LRNS	LRD	LRNS	LRNS	LRNS	LRNS	LRNS	LRNS	LRNS	GR	GR	MR	MR	MR	MR	MR	MR	MR	MR	SR	SR	MR	MR	SR	SR	SR	SR	SR	SR	SR
Nitrous oxide	LRNS	MR	LRNS	LRNS	LRNS	LRNS	MR	LRNS	LRNS	LRS	LRS	LRS	LRS	LRS	LRS	LRS	LRS	LRS	LRS	LRS	LRS	LRS	LRS	LRS	LRS	LRS	LRS	LRS	LRS	LRS	LRS	LRS	LRS	LRS	LRS	LRS	LRS	LRD	LRD	LRD	MR	MR	MR	MR	LRS	LRS	LRS	LRS	LRS	MR	MR	MR	MR	MR	MR	MR	MR	Nitrous oxide	LRS	LRS	LRS	LRS	MR	MR	LRNS	LRNS	LRNS	LRNS	LRS	LRNS	LRS	LRS	LRS	LRS	LRS	LRS	LRS	LRS	LRS	LRS	LRS	LRS	LRNS	LRNS	LRNS	LRNS	LRNS	LRNS	LRNS	LRNS	LRNS	LRNS	LRS	LRS	LRS	LRS	LRS	LRS	LRS	LRS	LRS	LRS	LRS	LRS	GR	GR	GR	GR	GR	GR	GR
MXE	LRNS	LRNS	LRNS	LRNS	LRNS	LRNS	GR	MR	MR	LRS	LRS	LRS	LRS	LRS	LRS	LRS	LRS	LRS	LRS	LRS	LRS	LRS	MR	LRS	LRS	LRS	LRS	LRS	LRS	LRS	LRS	LRS	LRS	MR	MR	MR	MR	MR	MR	MR	SR	SR	SR	SR	LRS	LRS	LRS	LRS	LRS	SR	SR	SR	SR	SR	SR	SR	SR	LRS	MXE	LRNS	LRS	LRS	GR	GR	LRNS	LRNS	LRNS	LRNS	MR	LRNS	MR	MR	MR	MR	MR	MR	MR	MR	MR	MR	MR	MR	MR	GR	GR	GR	GR	GR	GR	GR	GR	GR	MR	MR	MR	MR	MR	MR	MR	MR	MR	MR	MR	MR	SR	SR	GR	GR	GR	GR	GR
DXM	LRNS	LRNS	LRNS	LRNS	LRNS	LRNS	GR	MR	MR	LRS	LRS	LRS	LRS	LRS	LRS	LRS	LRS	LRS	LRS	LRS	LRS	LRS	GR	LRS	LRS	LRS	LRS	LRS	LRS	LRS	LRS	GR	LRS	GR	GR	GR	GR	MR	MR	MR	SR	SR	SR	SR	GR	GR	GR	GR	GR	SR	SR	SR	SR	SR	SR	SR	SR	LRS	LRNS	DXM	LRNS	LRS	GR	GR	LRNS	LRNS	LRNS	LRNS	MR	LRNS	MR	MR	SR	SR	SR	SR	SR	SR	SR	SR	SR	SR	SR	SR	SR	SR	SR	SR	SR	SR	SR	SR	GR	GR	GR	GR	GR	GR	GR	GR	GR	GR	GR	GR	SR	SR	SR	SR	SR	SR	SR
Ketamine	LRNS	LRNS	LRNS	LRNS	LRNS	LRNS	GR	MR	MR	LRS	LRS	LRS	LRS	LRS	LRS	LRS	LRS	LRS	LRS	LRS	LRS	LRS	LRS	LRS	LRS	LRS	LRS	LRS	LRS	LRS	LRS	LRS	LRS	LRS	LRS	LRS	LRS	MR	MR	MR	SR	SR	SR	SR	SR	SR	SR	SR	SR	SR	SR	SR	SR	SR	SR	SR	SR	LRS	LRS	LRNS	Ketamine	LRS	MR	MR	LRS	LRS	LRS	LRS	LRS	LRS	LRS	LRS	LRS	LRS	LRS	LRS	LRS	LRS	LRS	LRS	LRS	LRS	LRNS	MR	MR	MR	MR	MR	MR	MR	MR	MR	MR	MR	MR	MR	MR	MR	MR	MR	MR	MR	MR	MR	SR	SR	GR	GR	GR	GR	GR
Cannabis species	LRNS	LRNS	LRNS	LRNS	LRNS	LRNS	LRNS	LRNS	LRNS	LRS	MR	MR	MR	MR	MR	MR	MR	MR	MR	MR	MR	MR	MR	MR	MR	MR	MR	MR	MR	MR	MR	MR	MR	MR	MR	MR	MR	LRD	LRD	LRD	LRS	LRS	LRS	LRS	MR	MR	MR	MR	MR	LRS	LRS	LRS	LRS	LRS	LRS	LRS	LRS	LRS	LRS	LRS	LRS	Cannabis species	LRNS	LRNS	LRNS	LRNS	LRNS	LRNS	LRS	LRNS	LRS	LRS	LRS	LRS	LRS	LRS	MR	MR	MR	MR	LRS	LRS	LRNS	LRNS	LRNS	LRNS	LRNS	LRNS	LRNS	LRNS	LRNS	LRNS	MR	MR	MR	MR	MR	MR	MR	MR	MR	MR	MR	MR	MR	MR	GR	GR	GR	GR	GR
Arecoline	MR	MR	LRNS	LRNS	LRNS	LRNS	MR	MR	MR	LRS	LRNS	LRNS	LRNS	LRNS	LRNS	LRNS	LRNS	LRNS	LRNS	LRNS	LRNS	LRNS	GR	LRNS	LRNS	LRNS	LRNS	LRNS	LRNS	LRNS	LRNS	LRNS	LRNS	LRNS	LRNS	LRNS	LRNS	LRD	LRD	LRD	MR	MR	LRNS	LRNS	LRNS	LRNS	LRNS	LRNS	LRNS	LRNS	GR	LRNS	LRNS	LRNS	LRNS	LRNS	LRNS	MR	GR	GR	MR	LRNS	Arecoline	LRS	LRS	LRS	LRS	LRS	MR	LRS	MR	MR	LRS	LRS	LRS	LRS	MR	MR	MR	MR	LRS	LRS	LRNS	LRNS	LRNS	LRNS	LRNS	LRNS	LRNS	LRNS	LRNS	LRNS	MR	MR	MR	MR	MR	MR	MR	MR	MR	MR	MR	MR	GR	GR	GR	GR	GR	GR	GR
Areca catechu	MR	MR	LRNS	LRNS	LRNS	LRNS	MR	MR	MR	LRS	LRNS	LRNS	LRNS	LRNS	LRNS	LRNS	LRNS	LRNS	LRNS	LRNS	LRNS	LRNS	GR	LRNS	LRNS	LRNS	LRNS	LRNS	LRNS	LRNS	LRNS	LRNS	LRNS	LRNS	LRNS	LRNS	LRNS	LRD	LRD	LRD	MR	MR	LRNS	LRNS	LRNS	LRNS	LRNS	LRNS	LRNS	LRNS	GR	LRNS	LRNS	LRNS	LRNS	LRNS	LRNS	MR	GR	GR	MR	LRNS	LRS	Areca catechu	LRS	LRS	LRS	LRS	MR	LRS	MR	MR	LRS	LRS	LRS	LRS	MR	MR	MR	MR	LRS	LRS	LRNS	LRNS	LRNS	LRNS	LRNS	LRNS	LRNS	LRNS	LRNS	LRNS	MR	MR	MR	MR	MR	MR	MR	MR	MR	MR	MR	MR	GR	GR	GR	GR	GR	GR	GR
Caffeine	MR	LRNS	MR	LRNS	LRNS	LRNS	LRD	MR	LRNS	LRS	LRNS	LRNS	LRNS	LRNS	LRNS	LRNS	LRNS	LRNS	LRNS	LRNS	LRNS	LRNS	LRNS	LRNS	LRNS	LRNS	LRNS	LRNS	LRNS	LRNS	LRNS	LRNS	LRNS	MR	MR	MR	MR	LRD	LRD	LRD	LRNS	LRNS	LRNS	LRNS	LRNS	LRNS	LRNS	LRNS	LRNS	LRNS	LRNS	LRNS	LRNS	LRNS	LRNS	LRNS	LRNS	LRNS	LRNS	LRNS	LRS	LRNS	LRS	LRS	Caffeine	LRS	LRS	LRS	LRS	LRS	LRS	LRS	LRS	LRS	LRS	LRS	MR	MR	MR	MR	LRS	LRS	LRNS	LRNS	LRNS	LRNS	LRNS	LRNS	LRNS	LRNS	LRNS	LRNS	MR	MR	MR	MR	MR	MR	MR	MR	MR	MR	MR	MR	GR	GR	GR	GR	GR	GR	GR
Camellia sinensis	MR	LRNS	MR	LRNS	LRNS	LRNS	LRD	MR	LRNS	LRS	LRNS	LRNS	LRNS	LRNS	LRNS	LRNS	LRNS	LRNS	LRNS	LRNS	LRNS	LRNS	LRNS	LRNS	LRNS	LRNS	LRNS	LRNS	LRNS	LRNS	LRNS	LRNS	LRNS	MR	MR	MR	MR	LRD	LRD	LRD	LRNS	LRNS	LRNS	LRNS	LRNS	LRNS	LRNS	LRNS	LRNS	LRNS	LRNS	LRNS	LRNS	LRNS	LRNS	LRNS	LRNS	LRNS	LRNS	LRNS	LRS	LRNS	LRS	LRS	LRS	Camellia sinensis	LRS	LRS	LRS	LRS	LRS	LRS	LRS	LRS	LRS	LRS	MR	MR	MR	MR	LRS	LRS	LRNS	LRNS	LRNS	LRNS	LRNS	LRNS	LRNS	LRNS	LRNS	LRNS	MR	MR	MR	MR	MR	MR	MR	MR	MR	MR	MR	MR	GR	GR	GR	GR	GR	GR	GR
Coffea species	MR	LRNS	MR	LRNS	LRNS	LRNS	LRD	MR	LRNS	LRS	LRNS	LRNS	LRNS	LRNS	LRNS	LRNS	LRNS	LRNS	LRNS	LRNS	LRNS	LRNS	LRNS	LRNS	LRNS	LRNS	LRNS	LRNS	LRNS	LRNS	LRNS	LRNS	LRNS	MR	MR	MR	MR	LRD	LRD	LRD	LRNS	LRNS	LRNS	LRNS	LRNS	LRNS	LRNS	LRNS	LRNS	LRNS	LRNS	LRNS	LRNS	LRNS	LRNS	LRNS	LRNS	LRNS	LRNS	LRNS	LRS	LRNS	LRS	LRS	LRS	LRS	Coffea species	LRS	LRS	LRS	LRS	LRS	LRS	LRS	LRS	LRS	MR	MR	MR	MR	LRS	LRS	LRNS	LRNS	LRNS	LRNS	LRNS	LRNS	LRNS	LRNS	LRNS	LRNS	MR	MR	MR	MR	MR	MR	MR	MR	MR	MR	MR	MR	GR	GR	GR	GR	GR	GR	GR
Cola species	MR	LRNS	MR	LRNS	LRNS	LRNS	LRD	MR	LRNS	LRS	LRNS	LRNS	LRNS	LRNS	LRNS	LRNS	LRNS	LRNS	LRNS	LRNS	LRNS	LRNS	LRNS	LRNS	LRNS	LRNS	LRNS	LRNS	LRNS	LRNS	LRNS	LRNS	LRNS	MR	MR	MR	MR	LRD	LRD	LRD	LRNS	LRNS	LRNS	LRNS	LRNS	LRNS	LRNS	LRNS	LRNS	LRNS	LRNS	LRNS	LRNS	LRNS	LRNS	LRNS	LRNS	LRNS	LRNS	LRNS	LRS	LRNS	LRS	LRS	LRS	LRS	LRS	Cola species	LRS	LRS	LRS	LRS	LRS	LRS	LRS	LRS	MR	MR	MR	MR	LRS	LRS	LRNS	LRNS	LRNS	LRNS	LRNS	LRNS	LRNS	LRNS	LRNS	LRNS	MR	MR	MR	MR	MR	MR	MR	MR	MR	MR	MR	MR	GR	GR	GR	GR	GR	GR	GR
Duboisia hopwoodii	MR	MR	LRNS	MR	LRNS	LRNS	LRD	MR	LRNS	LRS	LRNS	LRNS	LRNS	LRNS	LRNS	LRNS	LRNS	LRNS	LRNS	LRNS	LRNS	LRNS	LRNS	LRNS	LRNS	LRNS	LRNS	LRNS	LRNS	LRNS	LRNS	LRNS	LRNS	LRNS	LRNS	LRNS	LRNS	LRD	LRD	LRD	LRS	LRS	LRS	LRNS	LRNS	LRNS	LRNS	LRNS	LRNS	LRS	LRS	LRS	LRS	LRS	LRS	LRS	LRS	LRS	MR	MR	LRS	LRS	MR	MR	LRS	LRS	LRS	LRS	Duboisia hopwoodii	LRS	LRS	LRS	LRS	LRS	LRS	LRS	MR	MR	MR	MR	LRS	LRS	LRNS	LRS	LRS	LRS	LRS	LRS	LRS	LRS	LRS	LRS	MR	MR	MR	MR	MR	MR	MR	MR	MR	MR	MR	MR	GR	GR	GR	GR	GR	GR	GR
Ilex paraguariensis	MR	LRNS	MR	LRNS	LRNS	LRNS	LRD	MR	LRNS	LRS	LRNS	LRNS	LRNS	LRNS	LRNS	LRNS	LRNS	LRNS	LRNS	LRNS	LRNS	LRNS	LRNS	LRNS	LRNS	LRNS	LRNS	LRNS	LRNS	LRNS	LRNS	LRNS	LRNS	MR	MR	MR	MR	LRD	LRD	LRD	LRNS	LRNS	LRNS	LRNS	LRNS	LRNS	LRNS	LRNS	LRNS	LRNS	LRNS	LRNS	LRNS	LRNS	LRNS	LRNS	LRNS	LRNS	LRNS	LRNS	LRS	LRNS	LRS	LRS	LRS	LRS	LRS	LRS	LRS	Ilex paraguariensis	LRS	LRS	LRS	LRS	LRS	LRS	MR	MR	MR	MR	LRS	LRS	LRNS	LRNS	LRNS	LRNS	LRNS	LRNS	LRNS	LRNS	LRNS	LRNS	MR	MR	MR	MR	MR	MR	MR	MR	MR	MR	MR	MR	GR	GR	GR	GR	GR	GR	GR
Nicotine	MR	LRNS	LRNS	MR	LRNS	LRNS	LRD	MR	LRNS	LRS	LRNS	LRNS	LRNS	LRNS	LRNS	LRNS	LRNS	LRNS	LRNS	LRNS	LRNS	LRNS	LRNS	LRNS	LRNS	LRNS	LRNS	LRNS	LRNS	LRNS	LRNS	LRNS	LRNS	LRNS	LRNS	LRNS	LRNS	LRD	LRD	LRD	LRS	LRS	LRS	LRNS	LRNS	LRNS	LRNS	LRNS	LRNS	LRS	LRS	LRS	LRS	LRS	LRS	LRS	LRS	LRS	MR	MR	LRS	LRS	MR	MR	LRS	LRS	LRS	LRS	LRS	LRS	Nicotine	LRS	LRS	LRS	LRS	LRS	MR	MR	MR	MR	LRS	LRS	LRNS	LRS	LRS	LRS	LRS	LRS	LRS	LRS	LRS	LRS	MR	MR	MR	MR	MR	MR	MR	MR	MR	MR	MR	MR	GR	GR	GR	GR	GR	GR	GR
Nicotiana species	MR	LRNS	LRNS	MR	LRNS	LRNS	LRD	MR	LRNS	LRS	LRNS	LRNS	LRNS	LRNS	LRNS	LRNS	LRNS	LRNS	LRNS	LRNS	LRNS	LRNS	LRNS	LRNS	LRNS	LRNS	LRNS	LRNS	LRNS	LRNS	LRNS	LRNS	LRNS	LRNS	LRNS	LRNS	LRNS	LRD	LRD	LRD	LRS	LRS	LRS	LRNS	LRNS	LRNS	LRNS	LRNS	LRNS	LRS	LRS	LRS	LRS	LRS	LRS	LRS	LRS	LRS	MR	MR	LRS	LRS	MR	MR	LRS	LRS	LRS	LRS	LRS	LRS	LRS	Nicotiana species	LRS	LRS	LRS	LRS	MR	MR	MR	MR	LRS	LRS	LRNS	LRS	LRS	LRS	LRS	LRS	LRS	LRS	LRS	LRS	MR	MR	MR	MR	MR	MR	MR	MR	MR	MR	MR	MR	GR	GR	GR	GR	GR	GR	GR
Mesembrine	MR	MR	GR	LRNS	LRNS	LRNS	MR	GR	MR	LRS	LRNS	LRNS	LRS	LRS	LRS	LRS	LRS	LRS	LRS	LRS	LRS	LRS	MR	LRS	LRS	LRS	LRS	LRS	LRS	LRS	LRS	SR	LRS	MR	MR	MR	MR	LRD	LRD	LRD	MR	MR	MR	LRS	LRS	SR	SR	SR	SR	LRNS	SR	LRNS	LRNS	LRNS	LRNS	LRNS	LRNS	LRS	MR	SR	LRS	LRS	LRS	LRS	LRS	LRS	LRS	LRS	LRS	LRS	LRS	LRS	Mesembrine	LRS	MR	MR	MR	MR	MR	MR	MR	MR	LRD	SR	SR	SR	SR	SR	SR	SR	SR	SR	LRS	LRS	LRS	LRS	LRS	LRS	LRS	LRS	MR	MR	LRS	LRS	SR	SR	SR	SR	SR	SR	SR
Sceletium species	MR	MR	GR	LRNS	LRNS	LRNS	MR	GR	MR	LRS	LRNS	LRNS	LRS	LRS	LRS	LRS	LRS	LRS	LRS	LRS	LRS	LRS	MR	LRS	LRS	LRS	LRS	LRS	LRS	LRS	LRS	SR	LRS	MR	MR	MR	MR	LRD	LRD	LRD	MR	MR	MR	LRS	LRS	SR	SR	SR	SR	LRNS	SR	LRNS	LRNS	LRNS	LRNS	LRNS	LRNS	LRS	MR	SR	LRS	LRS	LRS	LRS	LRS	LRS	LRS	LRS	LRS	LRS	LRS	LRS	LRS	Sceletium species	MR	MR	MR	MR	MR	MR	MR	MR	LRD	SR	SR	SR	SR	SR	SR	SR	SR	SR	LRS	LRS	LRS	LRS	LRS	LRS	LRS	LRS	MR	MR	LRS	LRS	SR	SR	SR	SR	SR	SR	SR
Eugenol	MR	MR	GR	LRNS	LRNS	LRNS	MR	GR	MR	LRS	LRNS	LRNS	LRS	LRS	LRS	LRS	LRS	LRS	LRS	LRS	LRS	LRS	MR	LRS	LRS	LRS	LRS	LRS	LRS	LRS	LRS	SR	LRS	MR	MR	MR	MR	LRD	LRD	LRD	MR	MR	MR	LRS	LRS	SR	SR	SR	SR	LRNS	SR	LRNS	LRNS	LRNS	LRNS	LRNS	LRNS	LRS	MR	SR	LRS	LRS	LRS	LRS	LRS	LRS	LRS	LRS	LRS	LRS	LRS	LRS	MR	MR	Eugenol	LRS	MR	MR	MR	MR	MR	MR	LRD	SR	SR	SR	SR	SR	SR	SR	SR	SR	LRS	LRS	LRS	LRS	LRS	LRS	LRS	LRS	MR	MR	LRS	LRS	SR	SR	SR	SR	SR	SR	SR
Piper betle	MR	MR	GR	LRNS	LRNS	LRNS	MR	GR	MR	LRS	LRNS	LRNS	LRS	LRS	LRS	LRS	LRS	LRS	LRS	LRS	LRS	LRS	MR	LRS	LRS	LRS	LRS	LRS	LRS	LRS	LRS	SR	LRS	MR	MR	MR	MR	LRD	LRD	LRD	MR	MR	MR	LRS	LRS	SR	SR	SR	SR	LRNS	SR	LRNS	LRNS	LRNS	LRNS	LRNS	LRNS	LRS	MR	SR	LRS	LRS	LRS	LRS	LRS	LRS	LRS	LRS	LRS	LRS	LRS	LRS	MR	MR	LRS	Piper betle	MR	MR	MR	MR	MR	MR	LRD	SR	SR	SR	SR	SR	SR	SR	SR	SR	LRS	LRS	LRS	LRS	LRS	LRS	LRS	LRS	MR	MR	LRS	LRS	SR	SR	SR	SR	SR	SR	SR
MDMA	GR	MR	GR	LRNS	LRNS	LRNS	MR	GR	GR	LRS	MR	MR	MR	MR	MR	MR	MR	MR	MR	MR	MR	MR	MR	MR	MR	MR	MR	MR	MR	MR	MR	SR	MR	MR	MR	MR	MR	LRD	LRD	LRD	MR	MR	MR	MR	MR	SR	SR	SR	SR	MR	SR	MR	MR	MR	MR	MR	MR	LRS	MR	SR	LRS	MR	MR	MR	MR	MR	MR	MR	MR	MR	MR	MR	MR	MR	MR	MR	MDMA	LRS	LRS	LRS	MR	MR	LRD	SR	SR	SR	SR	SR	SR	SR	SR	SR	MR	MR	MR	MR	MR	MR	MR	MR	MR	MR	MR	MR	SR	SR	SR	SR	SR	SR	SR
MDA	GR	MR	GR	LRNS	LRNS	LRNS	MR	GR	GR	LRS	MR	MR	MR	MR	MR	MR	MR	MR	MR	MR	MR	MR	MR	MR	MR	MR	MR	MR	MR	MR	MR	SR	MR	MR	MR	MR	MR	LRD	LRD	LRD	MR	MR	MR	MR	MR	SR	SR	SR	SR	MR	SR	MR	MR	MR	MR	MR	MR	LRS	MR	SR	LRS	MR	MR	MR	MR	MR	MR	MR	MR	MR	MR	MR	MR	MR	MR	MR	LRS	MDA	LRS	LRS	MR	MR	LRD	SR	SR	SR	SR	SR	SR	SR	SR	SR	MR	MR	MR	MR	MR	MR	MR	MR	MR	MR	MR	MR	SR	SR	SR	SR	SR	SR	SR
Safrole	MR	MR	GR	LRNS	LRNS	LRNS	MR	GR	GR	LRS	MR	MR	MR	MR	MR	MR	MR	MR	MR	MR	MR	MR	MR	MR	MR	MR	MR	MR	MR	MR	MR	SR	MR	MR	MR	MR	MR	LRD	LRD	LRD	MR	MR	MR	MR	MR	SR	SR	SR	SR	MR	SR	MR	MR	MR	MR	MR	MR	LRS	MR	SR	LRS	MR	MR	MR	MR	MR	MR	MR	MR	MR	MR	MR	MR	MR	MR	MR	LRS	LRS	Safrole	LRS	MR	MR	LRD	SR	SR	SR	SR	SR	SR	SR	SR	SR	MR	MR	MR	MR	MR	MR	MR	MR	MR	MR	MR	MR	SR	SR	SR	SR	SR	SR	SR
Sassafras species	MR	MR	GR	LRNS	LRNS	LRNS	MR	GR	GR	LRS	MR	MR	MR	MR	MR	MR	MR	MR	MR	MR	MR	MR	MR	MR	MR	MR	MR	MR	MR	MR	MR	SR	MR	MR	MR	MR	MR	LRD	LRD	LRD	MR	MR	MR	MR	MR	SR	SR	SR	SR	MR	SR	MR	MR	MR	MR	MR	MR	LRS	MR	SR	LRS	MR	MR	MR	MR	MR	MR	MR	MR	MR	MR	MR	MR	MR	MR	MR	LRS	LRS	LRS	Sassafras species	MR	MR	LRD	SR	SR	SR	SR	SR	SR	SR	SR	SR	MR	MR	MR	MR	MR	MR	MR	MR	MR	MR	MR	MR	SR	SR	SR	SR	SR	SR	SR
Myristicin	MR	MR	GR	LRNS	LRNS	LRNS	MR	MR	MR	LRS	LRNS	LRNS	LRS	LRS	LRS	LRS	LRS	LRS	LRS	LRS	LRS	LRS	MR	LRS	LRS	LRS	LRS	LRS	LRS	LRS	LRS	SR	LRS	MR	MR	MR	MR	LRD	LRD	LRD	MR	MR	MR	LRS	LRS	SR	SR	SR	SR	LRNS	SR	LRNS	LRNS	LRNS	LRNS	LRNS	LRNS	LRS	MR	SR	LRS	LRS	LRS	LRS	LRS	LRS	LRS	LRS	LRS	LRS	LRS	LRS	MR	MR	MR	MR	MR	MR	MR	MR	Myristicin	LRS	LRD	SR	SR	SR	SR	SR	SR	SR	SR	SR	LRS	LRS	LRS	LRS	LRS	LRS	LRS	LRS	MR	MR	LRS	LRS	SR	SR	SR	SR	SR	SR	SR
Myristica species	MR	MR	GR	LRNS	LRNS	LRNS	MR	MR	MR	LRS	LRNS	LRNS	LRS	LRS	LRS	LRS	LRS	LRS	LRS	LRS	LRS	LRS	MR	LRS	LRS	LRS	LRS	LRS	LRS	LRS	LRS	SR	LRS	MR	MR	MR	MR	LRD	LRD	LRD	MR	MR	MR	LRS	LRS	SR	SR	SR	SR	LRNS	SR	LRNS	LRNS	LRNS	LRNS	LRNS	LRNS	LRS	MR	SR	LRS	LRS	LRS	LRS	LRS	LRS	LRS	LRS	LRS	LRS	LRS	LRS	MR	MR	MR	MR	MR	MR	MR	MR	LRS	Myristica species	LRD	SR	SR	SR	SR	SR	SR	SR	SR	SR	LRS	LRS	LRS	LRS	LRS	LRS	LRS	LRS	MR	MR	LRS	LRS	SR	SR	SR	SR	SR	SR	SR
SSRIs	LRNS	LRNS	SR	MR	GR	LRNS	LRNS	LRNS	LRNS	LRS	LRD	LRD	LRD	LRD	LRD	LRD	LRD	LRD	LRD	LRD	LRD	LRD	LRD	LRD	LRD	LRD	LRD	LRD	LRD	LRD	LRD	LRD	LRD	LRD	LRD	LRD	LRD	LRNS	LRNS	LRNS	LRNS	LRNS	MR	MR	LRD	LRD	LRD	LRD	LRD	LRD	SR	LRD	LRD	LRD	LRD	LRD	LRD	LRNS	MR	SR	LRNS	LRNS	LRNS	LRNS	LRNS	LRNS	LRNS	LRNS	LRNS	LRNS	LRNS	LRNS	LRD	LRD	LRD	LRD	LRD	LRD	LRD	LRD	LRD	LRD	SSRIs	SR	SR	SR	SR	SR	SR	SR	SR	SR	LRNS	LRNS	LRNS	LRNS	LRNS	LRNS	LRNS	LRNS	LRNS	LRNS	LRNS	LRNS	SR	SR	GR	GR	GR	GR	GR
MAOIs	SR	GR	SR	LRNS	MR	LRNS	GR	MR	MR	LRS	LRNS	LRNS	LRS	LRS	LRD	LRD	LRD	LRS	LRS	LRS	LRS	LRD	MR	MR	MR	MR	LRS	LRS	LRS	LRS	LRS	LRS	MR	MR	MR	MR	MR	LRS	LRS	LRS	LRS	LRS	LRS	LRS	SR	SR	SR	SR	SR	LRNS	SR	LRNS	LRNS	LRNS	LRNS	LRNS	LRNS	LRNS	GR	SR	MR	LRNS	LRNS	LRNS	LRNS	LRNS	LRNS	LRNS	LRS	LRNS	LRS	LRS	SR	SR	SR	SR	SR	SR	SR	SR	SR	SR	SR	MAOIs	LRS	LRS	LRS	LRS	LRS	LRS	LRS	LRS	GR	GR	GR	GR	GR	GR	GR	GR	GR	GR	GR	GR	SR	SR	SR	SR	SR	SR	SR
Harmalas	SR	GR	SR	LRNS	MR	LRNS	GR	MR	MR	LRS	LRNS	LRNS	LRS	LRS	LRD	LRD	LRD	LRS	LRS	LRS	LRS	LRD	MR	MR	MR	MR	LRS	LRS	LRS	LRS	LRS	LRS	MR	MR	MR	MR	MR	LRS	LRS	LRS	LRS	LRS	LRS	LRS	SR	SR	SR	SR	SR	LRNS	SR	LRNS	LRNS	LRNS	LRNS	LRNS	LRNS	LRNS	GR	SR	MR	LRNS	LRNS	LRNS	LRNS	LRNS	LRNS	LRNS	LRS	LRNS	LRS	LRS	SR	SR	SR	SR	SR	SR	SR	SR	SR	SR	SR	LRS	Harmalas	LRS	LRS	LRS	LRS	LRS	LRS	LRS	GR	GR	GR	GR	GR	GR	GR	GR	GR	GR	GR	GR	SR	SR	SR	SR	SR	SR	SR
Harmaline	SR	GR	SR	LRNS	MR	LRNS	GR	MR	MR	LRS	LRNS	LRNS	LRS	LRS	LRD	LRD	LRD	LRS	LRS	LRS	LRS	LRD	MR	MR	MR	MR	LRS	LRS	LRS	LRS	LRS	LRS	MR	MR	MR	MR	MR	LRS	LRS	LRS	LRS	LRS	LRS	LRS	SR	SR	SR	SR	SR	LRNS	SR	LRNS	LRNS	LRNS	LRNS	LRNS	LRNS	LRNS	GR	SR	MR	LRNS	LRNS	LRNS	LRNS	LRNS	LRNS	LRNS	LRS	LRNS	LRS	LRS	SR	SR	SR	SR	SR	SR	SR	SR	SR	SR	SR	LRS	LRS	Harmaline	LRS	LRS	LRS	LRS	LRS	LRS	GR	GR	GR	GR	GR	GR	GR	GR	GR	GR	GR	GR	SR	SR	SR	SR	SR	SR	SR
Harmine	SR	GR	SR	LRNS	MR	LRNS	GR	MR	MR	LRS	LRNS	LRNS	LRS	LRS	LRD	LRD	LRD	LRS	LRS	LRS	LRS	LRD	MR	MR	MR	MR	LRS	LRS	LRS	LRS	LRS	LRS	MR	MR	MR	MR	MR	LRS	LRS	LRS	LRS	LRS	LRS	LRS	SR	SR	SR	SR	SR	LRNS	SR	LRNS	LRNS	LRNS	LRNS	LRNS	LRNS	LRNS	GR	SR	MR	LRNS	LRNS	LRNS	LRNS	LRNS	LRNS	LRNS	LRS	LRNS	LRS	LRS	SR	SR	SR	SR	SR	SR	SR	SR	SR	SR	SR	LRS	LRS	LRS	Harmine	LRS	LRS	LRS	LRS	LRS	GR	GR	GR	GR	GR	GR	GR	GR	GR	GR	GR	GR	SR	SR	SR	SR	SR	SR	SR
Banisteriopsis caapi	SR	GR	SR	LRNS	MR	LRNS	GR	MR	MR	LRS	LRNS	LRNS	LRS	LRS	LRD	LRD	LRD	LRS	LRS	LRS	LRS	LRD	MR	MR	MR	MR	LRS	LRS	LRS	LRS	LRS	LRS	MR	MR	MR	MR	MR	LRS	LRS	LRS	LRS	LRS	LRS	LRS	SR	SR	SR	SR	SR	LRNS	SR	LRNS	LRNS	LRNS	LRNS	LRNS	LRNS	LRNS	GR	SR	MR	LRNS	LRNS	LRNS	LRNS	LRNS	LRNS	LRNS	LRS	LRNS	LRS	LRS	SR	SR	SR	SR	SR	SR	SR	SR	SR	SR	SR	LRS	LRS	LRS	LRS	Banisteriopsis caapi	LRS	LRS	LRS	LRS	GR	GR	GR	GR	GR	GR	GR	GR	GR	GR	GR	GR	SR	SR	SR	SR	SR	SR	SR
Peganum harmala	SR	GR	SR	LRNS	MR	LRNS	GR	MR	MR	LRS	LRNS	LRNS	LRS	LRS	LRD	LRD	LRD	LRS	LRS	LRS	LRS	LRD	MR	MR	MR	MR	LRS	LRS	LRS	LRS	LRS	LRS	MR	MR	MR	MR	MR	LRS	LRS	LRS	LRS	LRS	LRS	LRS	SR	SR	SR	SR	SR	LRNS	SR	LRNS	LRNS	LRNS	LRNS	LRNS	LRNS	LRNS	GR	SR	MR	LRNS	LRNS	LRNS	LRNS	LRNS	LRNS	LRNS	LRS	LRNS	LRS	LRS	SR	SR	SR	SR	SR	SR	SR	SR	SR	SR	SR	LRS	LRS	LRS	LRS	LRS	Peganum harmala	LRS	LRS	LRS	GR	GR	GR	GR	GR	GR	GR	GR	GR	GR	GR	GR	SR	SR	SR	SR	SR	SR	SR
Passiflora species	SR	GR	SR	LRNS	MR	LRNS	GR	MR	MR	LRS	LRNS	LRNS	LRS	LRS	LRD	LRD	LRD	LRS	LRS	LRS	LRS	LRD	MR	MR	MR	MR	LRS	LRS	LRS	LRS	LRS	LRS	MR	MR	MR	MR	MR	LRS	LRS	LRS	LRS	LRS	LRS	LRS	SR	SR	SR	SR	SR	LRNS	SR	LRNS	LRNS	LRNS	LRNS	LRNS	LRNS	LRNS	GR	SR	MR	LRNS	LRNS	LRNS	LRNS	LRNS	LRNS	LRNS	LRS	LRNS	LRS	LRS	SR	SR	SR	SR	SR	SR	SR	SR	SR	SR	SR	LRS	LRS	LRS	LRS	LRS	LRS	Passiflora species	LRS	LRS	GR	GR	GR	GR	GR	GR	GR	GR	GR	GR	GR	GR	SR	SR	SR	SR	SR	SR	SR
Kavalactones	GR	GR	SR	LRNS	MR	LRNS	GR	MR	MR	LRS	LRS	LRS	LRS	LRS	LRD	LRD	LRD	LRS	LRS	LRS	LRS	LRD	MR	MR	MR	MR	LRS	LRS	LRS	LRS	LRNS	LRS	MR	MR	MR	MR	MR	GR	GR	GR	LRS	LRS	LRS	LRS	SR	SR	SR	SR	SR	GR	SR	GR	GR	GR	GR	GR	GR	LRNS	GR	SR	MR	LRNS	LRNS	LRNS	LRNS	LRNS	LRNS	LRNS	LRS	LRNS	LRS	LRS	SR	SR	SR	SR	SR	SR	SR	SR	SR	SR	SR	LRS	LRS	LRS	LRS	LRS	LRS	LRS	Kavalactones	LRS	GR	GR	GR	GR	GR	GR	GR	GR	GR	GR	GR	GR	SR	SR	SR	SR	SR	SR	SR
Piper methysticum	GR	GR	SR	LRNS	MR	LRNS	GR	MR	MR	LRS	LRS	LRS	LRS	LRS	LRD	LRD	LRD	LRS	LRS	LRS	LRS	LRD	MR	MR	MR	MR	LRS	LRS	LRS	LRS	LRNS	LRS	MR	MR	MR	MR	MR	GR	GR	GR	LRS	LRS	LRS	LRS	SR	SR	SR	SR	SR	GR	SR	GR	GR	GR	GR	GR	GR	LRNS	GR	SR	MR	LRNS	LRNS	LRNS	LRNS	LRNS	LRNS	LRNS	LRS	LRNS	LRS	LRS	SR	SR	SR	SR	SR	SR	SR	SR	SR	SR	SR	LRS	LRS	LRS	LRS	LRS	LRS	LRS	LRS	Piper methysticum	GR	GR	GR	GR	GR	GR	GR	GR	GR	GR	GR	GR	SR	SR	SR	SR	SR	SR	SR
Methcathinone	MR	MR	MR	LRNS	LRNS	LRNS	GR	GR	GR	LRS	MR	MR	MR	MR	MR	MR	MR	MR	MR	MR	MR	MR	GR	MR	MR	MR	MR	MR	MR	MR	MR	GR	MR	GR	GR	GR	GR	LRD	LRD	LRD	MR	MR	MR	MR	MR	GR	GR	GR	GR	MR	SR	MR	MR	MR	MR	MR	MR	LRS	MR	GR	MR	MR	MR	MR	MR	MR	MR	MR	MR	MR	MR	MR	LRS	LRS	LRS	LRS	MR	MR	MR	MR	LRS	LRS	LRNS	GR	GR	GR	GR	GR	GR	GR	GR	GR	Methcathinone	LRS	LRS	LRS	MR	MR	MR	MR	MR	MR	MR	MR	SR	SR	SR	SR	SR	SR	SR
Mephedrone	MR	MR	MR	LRNS	LRNS	LRNS	GR	GR	GR	LRS	MR	MR	MR	MR	MR	MR	MR	MR	MR	MR	MR	MR	GR	MR	MR	MR	MR	MR	MR	MR	MR	GR	MR	GR	GR	GR	GR	LRD	LRD	LRD	MR	MR	MR	MR	MR	GR	GR	GR	GR	MR	SR	MR	MR	MR	MR	MR	MR	LRS	MR	GR	MR	MR	MR	MR	MR	MR	MR	MR	MR	MR	MR	MR	LRS	LRS	LRS	LRS	MR	MR	MR	MR	LRS	LRS	LRNS	GR	GR	GR	GR	GR	GR	GR	GR	GR	LRS	Mephedrone	LRS	LRS	MR	MR	MR	MR	MR	MR	MR	MR	SR	SR	SR	SR	SR	SR	SR
Cathinones	MR	MR	MR	LRNS	LRNS	LRNS	GR	GR	GR	LRS	MR	MR	MR	MR	MR	MR	MR	MR	MR	MR	MR	MR	GR	MR	MR	MR	MR	MR	MR	MR	MR	GR	MR	GR	GR	GR	GR	LRD	LRD	LRD	MR	MR	MR	MR	MR	GR	GR	GR	GR	MR	SR	MR	MR	MR	MR	MR	MR	LRS	MR	GR	MR	MR	MR	MR	MR	MR	MR	MR	MR	MR	MR	MR	LRS	LRS	LRS	LRS	MR	MR	MR	MR	LRS	LRS	LRNS	GR	GR	GR	GR	GR	GR	GR	GR	GR	LRS	LRS	Cathinones	LRS	MR	MR	MR	MR	MR	MR	MR	MR	SR	SR	SR	SR	SR	SR	SR
Catha edulis	MR	MR	MR	LRNS	LRNS	LRNS	GR	GR	GR	LRS	MR	MR	MR	MR	MR	MR	MR	MR	MR	MR	MR	MR	GR	MR	MR	MR	MR	MR	MR	MR	MR	GR	MR	GR	GR	GR	GR	LRD	LRD	LRD	MR	MR	MR	MR	MR	GR	GR	GR	GR	MR	SR	MR	MR	MR	MR	MR	MR	LRS	MR	GR	MR	MR	MR	MR	MR	MR	MR	MR	MR	MR	MR	MR	LRS	LRS	LRS	LRS	MR	MR	MR	MR	LRS	LRS	LRNS	GR	GR	GR	GR	GR	GR	GR	GR	GR	LRS	LRS	LRS	Catha edulis	MR	MR	MR	MR	MR	MR	MR	MR	SR	SR	SR	SR	SR	SR	SR
Methamphetamine	MR	MR	MR	LRNS	LRNS	LRNS	GR	GR	GR	LRS	MR	MR	MR	MR	MR	MR	MR	MR	MR	MR	MR	MR	GR	MR	MR	MR	MR	MR	MR	MR	MR	GR	MR	GR	GR	GR	GR	LRD	LRD	LRD	MR	MR	MR	MR	MR	GR	GR	GR	GR	MR	SR	MR	MR	MR	MR	MR	MR	LRS	MR	GR	MR	MR	MR	MR	MR	MR	MR	MR	MR	MR	MR	MR	LRS	LRS	LRS	LRS	MR	MR	MR	MR	LRS	LRS	LRNS	GR	GR	GR	GR	GR	GR	GR	GR	GR	MR	MR	MR	MR	Methamphetamine	LRS	LRS	LRS	MR	MR	MR	MR	SR	SR	SR	SR	SR	SR	SR
Amphetamines	MR	MR	MR	LRNS	LRNS	LRNS	GR	GR	GR	LRS	MR	MR	MR	MR	MR	MR	MR	MR	MR	MR	MR	MR	GR	MR	MR	MR	MR	MR	MR	MR	MR	GR	MR	GR	GR	GR	GR	LRD	LRD	LRD	MR	MR	MR	MR	MR	GR	GR	GR	GR	MR	SR	MR	MR	MR	MR	MR	MR	LRS	MR	GR	MR	MR	MR	MR	MR	MR	MR	MR	MR	MR	MR	MR	LRS	LRS	LRS	LRS	MR	MR	MR	MR	LRS	LRS	LRNS	GR	GR	GR	GR	GR	GR	GR	GR	GR	MR	MR	MR	MR	LRS	Amphetamines	LRS	LRS	MR	MR	MR	MR	SR	SR	SR	SR	SR	SR	SR
Ephedrine	MR	MR	MR	LRNS	LRNS	LRNS	GR	GR	GR	LRS	MR	MR	MR	MR	MR	MR	MR	MR	MR	MR	MR	MR	GR	MR	MR	MR	MR	MR	MR	MR	MR	GR	MR	GR	GR	GR	GR	LRD	LRD	LRD	MR	MR	MR	MR	MR	GR	GR	GR	GR	MR	SR	MR	MR	MR	MR	MR	MR	LRS	MR	GR	MR	MR	MR	MR	MR	MR	MR	MR	MR	MR	MR	MR	LRS	LRS	LRS	LRS	MR	MR	MR	MR	LRS	LRS	LRNS	GR	GR	GR	GR	GR	GR	GR	GR	GR	MR	MR	MR	MR	LRS	LRS	Ephedrine	LRS	MR	MR	MR	MR	SR	SR	SR	SR	SR	SR	SR
Ephedra species	MR	MR	MR	LRNS	LRNS	LRNS	GR	GR	GR	LRS	MR	MR	MR	MR	MR	MR	MR	MR	MR	MR	MR	MR	GR	MR	MR	MR	MR	MR	MR	MR	MR	GR	MR	GR	GR	GR	GR	LRD	LRD	LRD	MR	MR	MR	MR	MR	GR	GR	GR	GR	MR	SR	MR	MR	MR	MR	MR	MR	LRS	MR	GR	MR	MR	MR	MR	MR	MR	MR	MR	MR	MR	MR	MR	LRS	LRS	LRS	LRS	MR	MR	MR	MR	LRS	LRS	LRNS	GR	GR	GR	GR	GR	GR	GR	GR	GR	MR	MR	MR	MR	LRS	LRS	LRS	Ephedra species	MR	MR	MR	MR	SR	SR	SR	SR	SR	SR	SR
Cocaine	GR	MR	GR	LRNS	MR	LRNS	GR	GR	GR	LRS	MR	MR	MR	MR	MR	MR	MR	MR	MR	MR	MR	MR	GR	MR	MR	MR	MR	MR	MR	MR	MR	GR	MR	GR	GR	GR	GR	LRD	LRD	LRD	MR	MR	MR	MR	MR	GR	GR	GR	GR	GR	SR	GR	GR	SR	SR	SR	SR	LRS	MR	GR	MR	MR	MR	MR	MR	MR	MR	MR	MR	MR	MR	MR	MR	MR	MR	MR	MR	MR	MR	MR	MR	MR	LRNS	GR	GR	GR	GR	GR	GR	GR	GR	GR	MR	MR	MR	MR	MR	MR	MR	MR	Cocaine	LRS	MR	MR	SR	SR	SR	SR	SR	SR	SR
Erythroxylum species	GR	MR	GR	LRNS	MR	LRNS	GR	GR	GR	LRS	MR	MR	MR	MR	MR	MR	MR	MR	MR	MR	MR	MR	GR	MR	MR	MR	MR	MR	MR	MR	MR	GR	MR	GR	GR	GR	GR	LRD	LRD	LRD	MR	MR	GR	MR	MR	GR	GR	GR	GR	GR	SR	GR	GR	SR	SR	SR	SR	LRS	MR	GR	MR	MR	MR	MR	MR	MR	MR	MR	MR	MR	MR	MR	MR	MR	MR	MR	MR	MR	MR	MR	MR	MR	LRNS	GR	GR	GR	GR	GR	GR	GR	GR	GR	MR	MR	MR	MR	MR	MR	MR	MR	LRS	Erythroxylum species	MR	MR	SR	SR	SR	SR	SR	SR	SR
Levodopa	MR	MR	MR	LRNS	LRNS	LRNS	GR	GR	GR	LRS	MR	MR	MR	MR	MR	MR	MR	MR	MR	MR	MR	MR	GR	MR	MR	MR	MR	MR	MR	MR	MR	GR	MR	GR	GR	GR	GR	LRD	LRD	LRD	MR	MR	GR	MR	MR	GR	GR	GR	GR	MR	SR	MR	MR	MR	MR	MR	MR	LRS	MR	GR	MR	MR	MR	MR	MR	MR	MR	MR	MR	MR	MR	MR	LRS	LRS	LRS	LRS	MR	MR	MR	MR	LRS	LRS	LRNS	GR	GR	GR	GR	GR	GR	GR	GR	GR	MR	MR	MR	MR	MR	MR	MR	MR	MR	MR	Levodopa	LRS	SR	SR	SR	SR	SR	SR	SR
Mucuna pruriens	MR	MR	MR	LRNS	LRNS	LRNS	GR	GR	GR	LRS	MR	MR	MR	MR	MR	MR	MR	MR	MR	MR	MR	MR	GR	MR	MR	MR	MR	MR	MR	MR	MR	GR	MR	GR	GR	GR	GR	LRD	LRD	LRD	MR	MR	MR	MR	MR	GR	GR	GR	GR	MR	SR	MR	MR	MR	MR	MR	MR	LRS	MR	GR	MR	MR	MR	MR	MR	MR	MR	MR	MR	MR	MR	MR	LRS	LRS	LRS	LRS	MR	MR	MR	MR	LRS	LRS	LRNS	GR	GR	GR	GR	GR	GR	GR	GR	GR	MR	MR	MR	MR	MR	MR	MR	MR	MR	MR	LRS	Mucuna pruriens	SR	SR	SR	SR	SR	SR	SR
Ibogaine	SR	SR	GR	LRNS	MR	LRNS	GR	GR	GR	LRS	LRS	LRS	MR	MR	MR	MR	MR	MR	MR	MR	MR	MR	SR	GR	MR	MR	MR	MR	MR	MR	MR	SR	MR	MR	MR	MR	MR	MR	MR	MR	SR	SR	SR	MR	MR	SR	SR	SR	SR	SR	SR	SR	SR	SR	SR	SR	SR	GR	SR	SR	SR	MR	GR	GR	GR	GR	GR	GR	GR	GR	GR	GR	SR	SR	SR	SR	SR	SR	SR	SR	SR	SR	SR	SR	SR	SR	SR	SR	SR	SR	SR	SR	SR	SR	SR	SR	SR	SR	SR	SR	SR	SR	SR	SR	Ibogaine	LRS	SR	SR	SR	SR	SR
Tabernanthe iboga	SR	SR	GR	LRNS	MR	LRNS	GR	GR	GR	LRS	LRS	LRS	MR	MR	MR	MR	MR	MR	MR	MR	MR	MR	SR	GR	MR	MR	MR	MR	MR	MR	MR	SR	MR	MR	MR	MR	MR	MR	MR	MR	SR	SR	SR	MR	MR	SR	SR	SR	SR	SR	SR	SR	SR	SR	SR	SR	SR	GR	SR	SR	SR	MR	GR	GR	GR	GR	GR	GR	GR	GR	GR	GR	SR	SR	SR	SR	SR	SR	SR	SR	SR	SR	SR	SR	SR	SR	SR	SR	SR	SR	SR	SR	SR	SR	SR	SR	SR	SR	SR	SR	SR	SR	SR	SR	LRS	Tabernanthe iboga	SR	SR	SR	SR	SR
Tropanes	GR	GR	GR	GR	GR	GR	GR	GR	GR	GR	GR	GR	GR	GR	GR	GR	GR	GR	GR	GR	GR	GR	SR	SR	GR	GR	GR	GR	GR	GR	GR	SR	GR	GR	GR	GR	GR	GR	GR	GR	SR	SR	SR	GR	GR	SR	SR	SR	SR	SR	SR	SR	SR	SR	SR	SR	SR	GR	GR	SR	GR	GR	GR	GR	GR	GR	GR	GR	GR	GR	GR	GR	SR	SR	SR	SR	SR	SR	SR	SR	SR	SR	GR	SR	SR	SR	SR	SR	SR	SR	SR	SR	SR	SR	SR	SR	SR	SR	SR	SR	SR	SR	SR	SR	SR	SR	Tropanes	GR	GR	GR	GR
Hyoscyamine	GR	GR	GR	GR	GR	GR	GR	GR	GR	GR	GR	GR	GR	GR	GR	GR	GR	GR	GR	GR	GR	GR	SR	SR	GR	GR	GR	GR	GR	GR	GR	SR	GR	GR	GR	GR	GR	GR	GR	GR	SR	SR	SR	GR	GR	SR	SR	SR	SR	SR	SR	SR	SR	SR	SR	SR	SR	GR	GR	SR	GR	GR	GR	GR	GR	GR	GR	GR	GR	GR	GR	GR	SR	SR	SR	SR	SR	SR	SR	SR	SR	SR	GR	SR	SR	SR	SR	SR	SR	SR	SR	SR	SR	SR	SR	SR	SR	SR	SR	SR	SR	SR	SR	SR	SR	SR	GR	Hyoscyamine	GR	GR	GR
Scopolamine	GR	GR	GR	GR	GR	GR	GR	GR	GR	GR	GR	GR	GR	GR	GR	GR	GR	GR	GR	GR	GR	GR	SR	SR	GR	GR	GR	GR	GR	GR	GR	SR	GR	GR	GR	GR	GR	GR	GR	GR	SR	SR	SR	GR	GR	SR	SR	SR	SR	SR	SR	SR	SR	SR	SR	SR	SR	GR	GR	SR	GR	GR	GR	GR	GR	GR	GR	GR	GR	GR	GR	GR	SR	SR	SR	SR	SR	SR	SR	SR	SR	SR	GR	SR	SR	SR	SR	SR	SR	SR	SR	SR	SR	SR	SR	SR	SR	SR	SR	SR	SR	SR	SR	SR	SR	SR	GR	GR	Scopolamine	GR	GR
Brugmansia species	GR	GR	GR	GR	GR	GR	GR	GR	GR	GR	GR	GR	GR	GR	GR	GR	GR	GR	GR	GR	GR	GR	SR	SR	GR	GR	GR	GR	GR	GR	GR	SR	GR	GR	GR	GR	GR	GR	GR	GR	SR	SR	SR	GR	GR	SR	SR	SR	SR	SR	SR	SR	SR	SR	SR	SR	SR	GR	GR	SR	GR	GR	GR	GR	GR	GR	GR	GR	GR	GR	GR	GR	SR	SR	SR	SR	SR	SR	SR	SR	SR	SR	GR	SR	SR	SR	SR	SR	SR	SR	SR	SR	SR	SR	SR	SR	SR	SR	SR	SR	SR	SR	SR	SR	SR	SR	GR	GR	GR	Brugmansia species	GR
Datura species	GR	GR	GR	GR	GR	GR	GR	GR	GR	GR	GR	GR	GR	GR	GR	GR	GR	GR	GR	GR	GR	GR	SR	SR	GR	GR	GR	GR	GR	GR	GR	SR	GR	GR	GR	GR	GR	GR	GR	GR	SR	SR	SR	GR	GR	SR	SR	SR	SR	SR	SR	SR	SR	SR	SR	SR	SR	GR	GR	SR	GR	GR	GR	GR	GR	GR	GR	GR	GR	GR	GR	GR	SR	SR	SR	SR	SR	SR	SR	SR	SR	SR	GR	SR	SR	SR	SR	SR	SR	SR	SR	SR	SR	SR	SR	SR	SR	SR	SR	SR	SR	SR	SR	SR	SR	SR	GR	GR	GR	GR	Datura species